股票代號,名稱,上市日,市場別,產業別
1101,台泥,1962/02/09,上市,水泥工業
1102,亞泥,1962/06/08,上市,水泥工業
1103,嘉泥,1969/11/14,上市,水泥工業
1104,環泥,1971/02/01,上市,水泥工業
1108,幸福,1990/06/06,上市,水泥工業
1109,信大,1991/12/05,上市,水泥工業
1110,東泥,1994/10/22,上市,水泥工業
1201,味全,1962/02/09,上市,食品工業
1203,味王,1964/08/24,上市,食品工業
1210,大成,1978/05/20,上市,食品工業
1213,大飲,1981/04/10,上市,食品工業
1215,卜蜂,1987/07/27,上市,食品工業
1216,統一,1987/12/28,上市,食品工業
1217,愛之味,1989/10/28,上市,食品工業
1218,泰山,1989/11/11,上市,食品工業
1219,福壽,1990/12/01,上市,食品工業
1220,台榮,1991/11/20,上市,食品工業
1225,福懋油,1993/09/27,上市,食品工業
1227,佳格,1994/04/09,上市,食品工業
1229,聯華,1976/07/19,上市,食品工業
1231,聯華食,1995/11/02,上市,食品工業
1232,大統益,1996/02/09,上市,食品工業
1233,天仁,1999/01/20,上市,食品工業
1234,黑松,1999/03/12,上市,食品工業
1235,興泰,2000/09/11,上市,食品工業
1236,宏亞,2001/09/17,上市,食品工業
1256,鮮活果汁-KY,2016/03/17,上市,食品工業
1301,台塑,1964/07/27,上市,塑膠工業
1303,南亞,1967/11/05,上市,塑膠工業
1304,台聚,1972/05/20,上市,塑膠工業
1305,華夏,1973/03/05,上市,塑膠工業
1307,三芳,1985/11/23,上市,塑膠工業
1308,亞聚,1986/06/20,上市,塑膠工業
1309,台達化,1986/06/27,上市,塑膠工業
1310,台苯,1987/08/06,上市,塑膠工業
1312,國喬,1988/12/21,上市,塑膠工業
1313,聯成,1989/03/27,上市,塑膠工業
1314,中石化,1991/07/12,上市,塑膠工業
1315,達新,1992/05/09,上市,塑膠工業
1316,上曜,1992/10/15,上市,建材營造業
1319,東陽,1994/12/12,上市,汽車工業
1321,大洋,1999/01/26,上市,塑膠工業
1323,永裕,2000/09/11,上市,塑膠工業
1324,地球,2000/09/11,上市,塑膠工業
1325,恆大,2000/09/11,上市,塑膠工業
1326,台化,1984/12/20,上市,塑膠工業
1337,再生-KY,2011/07/01,上市,塑膠工業
1338,廣華-KY,2012/12/19,上市,汽車工業
1339,昭輝,2012/04/24,上市,汽車工業
1340,勝悅-KY,2013/12/06,上市,塑膠工業
1341,富林-KY,2018/12/24,上市,塑膠工業
1342,八貫,2020/11/24,上市,其他業
1402,遠東新,1967/04/14,上市,紡織纖維
1409,新纖,1973/08/31,上市,紡織纖維
1410,南染,1973/10/18,上市,紡織纖維
1413,宏洲,1975/12/23,上市,紡織纖維
1414,東和,1976/02/02,上市,紡織纖維
1416,廣豐,1976/04/20,上市,其他業
1417,嘉裕,1976/12/28,上市,紡織纖維
1418,東華,1977/02/14,上市,紡織纖維
1419,新紡,1977/03/14,上市,紡織纖維
1423,利華,1979/04/02,上市,紡織纖維
1432,大魯閣,1982/07/26,上市,貿易百貨業
1434,福懋,1985/12/24,上市,紡織纖維
1435,中福,1987/12/28,上市,其他業
1436,華友聯,1988/04/11,上市,建材營造業
1437,勤益控,1988/11/10,上市,其他業
1438,三地開發,1988/12/15,上市,建材營造業
1439,中和,1989/05/22,上市,紡織纖維
1440,南紡,1989/10/03,上市,紡織纖維
1441,大東,1989/10/27,上市,紡織纖維
1442,名軒,1989/11/16,上市,建材營造業
1443,立益,1990/04/21,上市,紡織纖維
1444,力麗,1990/08/08,上市,紡織纖維
1445,大宇,1991/02/05,上市,紡織纖維
1446,宏和,1991/10/15,上市,紡織纖維
1447,力鵬,1992/01/28,上市,紡織纖維
1449,佳和,1992/03/12,上市,紡織纖維
1451,年興,1992/12/21,上市,紡織纖維
1452,宏益,1992/12/28,上市,紡織纖維
1453,大將,1993/04/19,上市,紡織纖維
1454,台富,1993/05/07,上市,紡織纖維
1455,集盛,1993/10/07,上市,紡織纖維
1456,怡華,1993/12/09,上市,紡織纖維
1457,宜進,1994/10/20,上市,紡織纖維
1459,聯發,1994/10/26,上市,紡織纖維
1460,宏遠,1995/04/28,上市,紡織纖維
1463,強盛,1996/12/05,上市,紡織纖維
1464,得力,1997/01/18,上市,紡織纖維
1465,偉全,1997/09/08,上市,紡織纖維
1466,聚隆,1998/04/04,上市,紡織纖維
1467,南緯,1998/12/21,上市,紡織纖維
1468,昶和,1999/01/21,上市,紡織纖維
1470,大統新創,1999/05/21,上市,紡織纖維
1471,首利,2000/03/06,上市,電子零組件業
1472,三洋紡,2000/09/11,上市,紡織纖維
1473,台南,2000/09/11,上市,紡織纖維
1474,弘裕,2000/10/31,上市,紡織纖維
1475,業旺,2000/10/27,上市,紡織纖維
1476,儒鴻,2001/04/18,上市,紡織纖維
1477,聚陽,2003/01/21,上市,紡織纖維
1503,士電,1969/12/15,上市,電機機械
1504,東元,1973/11/05,上市,電機機械
1506,正道,1980/08/11,上市,電機機械
1507,永大,1989/11/09,上市,電機機械
1512,瑞利,1994/01/28,上市,汽車工業
1513,中興電,1994/03/08,上市,電機機械
1514,亞力,1994/03/26,上市,電機機械
1515,力山,1995/02/04,上市,電機機械
1516,川飛,1995/04/01,上市,其他業
1517,利奇,1995/11/14,上市,電機機械
1519,華城,1997/04/16,上市,電機機械
1521,大億,1997/10/06,上市,汽車工業
1522,堤維西,1997/10/06,上市,汽車工業
1524,耿鼎,1998/10/30,上市,汽車工業
1525,江申,1999/05/15,上市,汽車工業
1526,日馳,2000/03/27,上市,電機機械
1527,鑽全,2000/06/21,上市,電機機械
1528,恩德,2000/09/11,上市,電機機械
1529,樂士,2000/09/11,上市,電機機械
1530,亞崴,2000/09/11,上市,電機機械
1531,高林股,2000/09/11,上市,電機機械
1532,勤美,2000/09/11,上市,電機機械
1533,車王電,2001/04/06,上市,汽車工業
1535,中宇,2001/09/17,上市,電機機械
1536,和大,2001/09/17,上市,汽車工業
1537,廣隆,2002/01/22,上市,電機機械
1538,正峰,2002/08/26,上市,電機機械
1539,巨庭,2002/10/29,上市,電機機械
1540,喬福,2002/08/26,上市,電機機械
1541,錩泰,2003/03/19,上市,電機機械
1558,伸興,2014/12/23,上市,電機機械
1560,中砂,2005/01/31,上市,電機機械
1568,倉佑,2014/05/14,上市,汽車工業
1582,信錦,2009/12/17,上市,電子零組件業
1583,程泰,2008/01/24,上市,電機機械
1587,吉茂,2018/04/16,上市,汽車工業
1589,永冠-KY,2012/04/27,上市,電機機械
1590,亞德客-KY,2010/12/13,上市,電機機械
1592,英瑞-KY,2014/10/16,上市,汽車工業
1597,直得,2020/12/23,上市,電機機械
1598,岱宇,2016/09/20,上市,生技醫療業
1603,華電,1968/06/03,上市,電器電纜
1604,聲寶,1970/12/14,上市,電器電纜
1605,華新,1972/11/03,上市,電器電纜
1608,華榮,1988/07/11,上市,電器電纜
1609,大亞,1988/12/12,上市,電器電纜
1611,中電,1990/01/16,上市,電器電纜
1612,宏泰,1993/05/08,上市,電器電纜
1614,三洋電,1997/09/18,上市,電器電纜
1615,大山,2000/03/30,上市,電器電纜
1616,億泰,2000/09/11,上市,電器電纜
1617,榮星,2000/09/11,上市,電器電纜
1618,合機,2000/09/11,上市,電器電纜
1626,艾美特-KY,2013/03/21,上市,電器電纜
1701,中化,1962/02/09,上市,生技醫療業
1702,南僑,1973/05/30,上市,食品工業
1707,葡萄王,1982/12/20,上市,生技醫療業
1708,東鹼,1986/06/16,上市,化學工業
1709,和益,1986/07/03,上市,化學工業
1710,東聯,1987/10/21,上市,化學工業
1711,永光,1988/12/27,上市,化學工業
1712,興農,1989/12/14,上市,化學工業
1713,國化,1990/01/31,上市,化學工業
1714,和桐,1991/08/30,上市,化學工業
1717,長興,1994/03/31,上市,化學工業
1718,中纖,1963/12/02,上市,化學工業
1720,生達,1995/12/12,上市,生技醫療業
1721,三晃,1996/05/16,上市,化學工業
1722,台肥,1998/03/24,上市,化學工業
1723,中碳,1998/11/27,上市,化學工業
1724,台硝,1995/03/30,上市,化學工業
1725,元禎,2000/09/11,上市,化學工業
1726,永記,2000/09/11,上市,化學工業
1727,中華化,2000/09/11,上市,化學工業
1730,花仙子,2001/09/17,上市,化學工業
1731,美吾華,2001/09/17,上市,生技醫療業
1732,毛寶,2001/09/17,上市,化學工業
1733,五鼎,2001/09/17,上市,生技醫療業
1734,杏輝,2002/08/26,上市,生技醫療業
1735,日勝化,2002/08/26,上市,化學工業
1736,喬山,2003/01/09,上市,生技醫療業
1737,臺鹽,2003/11/18,上市,食品工業
1760,寶齡富錦,2018/01/23,上市,生技醫療業
1762,中化生,2010/12/20,上市,生技醫療業
1773,勝一,2009/02/27,上市,化學工業
1776,展宇,2016/05/09,上市,化學工業
1783,和康生,2013/12/20,上市,生技醫療業
1786,科妍,2013/11/12,上市,生技醫療業
1789,神隆,2011/09/29,上市,生技醫療業
1795,美時,2019/12/16,上市,生技醫療業
1802,台玻,1973/07/20,上市,玻璃陶瓷
1805,寶徠,1989/10/20,上市,建材營造業
1806,冠軍,1992/09/29,上市,玻璃陶瓷
1808,潤隆,1994/10/26,上市,建材營造業
1809,中釉,1996/04/30,上市,玻璃陶瓷
1810,和成,1991/10/14,上市,玻璃陶瓷
1817,凱撒衛,2013/10/24,上市,玻璃陶瓷
1903,士紙,1963/12/09,上市,造紙工業
1904,正隆,1971/09/10,上市,造紙工業
1905,華紙,1975/02/07,上市,造紙工業
1906,寶隆,1976/04/26,上市,造紙工業
1907,永豐餘,1977/02/22,上市,造紙工業
1909,榮成,1985/11/19,上市,造紙工業
2002,中鋼,1974/12/26,上市,鋼鐵工業
2006,東和鋼鐵,1988/07/13,上市,鋼鐵工業
2007,燁興,1988/10/04,上市,鋼鐵工業
2008,高興昌,1988/12/28,上市,鋼鐵工業
2009,第一銅,1989/10/20,上市,鋼鐵工業
2010,春源,1989/12/22,上市,鋼鐵工業
2012,春雨,1991/10/17,上市,鋼鐵工業
2013,中鋼構,1992/01/21,上市,鋼鐵工業
2014,中鴻,1992/02/20,上市,鋼鐵工業
2015,豐興,1992/05/25,上市,鋼鐵工業
2017,官田鋼,1992/11/02,上市,鋼鐵工業
2020,美亞,1993/04/27,上市,鋼鐵工業
2022,聚亨,1995/03/27,上市,鋼鐵工業
2023,燁輝,1995/07/28,上市,鋼鐵工業
2024,志聯,1995/12/30,上市,鋼鐵工業
2025,千興,1996/02/08,上市,鋼鐵工業
2027,大成鋼,1996/10/24,上市,鋼鐵工業
2028,威致,1996/12/13,上市,鋼鐵工業
2029,盛餘,1997/01/11,上市,鋼鐵工業
2030,彰源,1998/12/24,上市,鋼鐵工業
2031,新光鋼,2000/09/11,上市,鋼鐵工業
2032,新鋼,2000/09/11,上市,鋼鐵工業
2033,佳大,2000/09/11,上市,鋼鐵工業
2034,允強,2001/09/17,上市,鋼鐵工業
2038,海光,2008/12/30,上市,鋼鐵工業
2049,上銀,2009/06/26,上市,電機機械
2059,川湖,2008/06/25,上市,電子零組件業
2062,橋椿,2007/11/16,上市,其他業
2069,運錩,2016/03/22,上市,鋼鐵工業
2101,南港,1963/11/01,上市,橡膠工業
2102,泰豐,1979/07/16,上市,橡膠工業
2103,台橡,1982/09/25,上市,橡膠工業
2104,國際中橡,1986/07/15,上市,橡膠工業
2105,正新,1987/12/07,上市,橡膠工業
2106,建大,1990/12/20,上市,橡膠工業
2107,厚生,1992/03/03,上市,橡膠工業
2108,南帝,1992/10/27,上市,橡膠工業
2109,華豐,2000/05/08,上市,橡膠工業
2114,鑫永銓,2010/12/29,上市,橡膠工業
2115,六暉-KY,2013/12/25,上市,汽車工業
2201,裕隆,1976/07/08,上市,汽車工業
2204,中華,1991/03/12,上市,汽車工業
2206,三陽工業,1996/07/29,上市,汽車工業
2207,和泰車,1997/02/25,上市,汽車工業
2208,台船,2008/12/22,上市,航運業
2211,長榮鋼,2021/04/12,上市,鋼鐵工業
2227,裕日車,2004/12/21,上市,汽車工業
2228,劍麟,2013/11/25,上市,汽車工業
2231,為升,2010/11/19,上市,汽車工業
2233,宇隆,2019/09/17,上市,汽車工業
2236,百達-KY,2015/06/03,上市,汽車工業
2239,英利-KY,2016/01/27,上市,汽車工業
2241,艾姆勒,2020/08/26,上市,電機機械
2243,宏旭-KY,2017/09/27,上市,汽車工業
2247,汎德永業,2020/10/12,上市,汽車工業
2250,IKKA-KY,2021/05/31,上市,汽車工業
2301,光寶科,1995/11/17,上市,電腦及週邊設備業
2302,麗正,1985/01/15,上市,半導體業
2303,聯電,1985/07/16,上市,半導體業
2305,全友,1988/10/21,上市,電腦及週邊設備業
2308,台達電,1988/12/19,上市,電子零組件業
2312,金寶,1989/11/07,上市,其他電子業
2313,華通,1990/07/24,上市,電子零組件業
2314,台揚,1990/08/08,上市,通信網路業
2316,楠梓電,1991/02/05,上市,電子零組件業
2317,鴻海,1991/06/18,上市,其他電子業
2321,東訊,1991/11/08,上市,通信網路業
2323,中環,1992/02/17,上市,光電業
2324,仁寶,1992/02/18,上市,電腦及週邊設備業
2327,國巨,1993/10/22,上市,電子零組件業
2328,廣宇,1993/11/09,上市,電子零組件業
2329,華泰,1994/04/20,上市,半導體業
2330,台積電,1994/09/05,上市,半導體業
2331,精英,1994/09/21,上市,電腦及週邊設備業
2332,友訊,1994/10/17,上市,通信網路業
2337,旺宏,1995/03/15,上市,半導體業
2338,光罩,1995/04/17,上市,半導體業
2340,光磊,1995/05/02,上市,光電業
2342,茂矽,1995/09/19,上市,半導體業
2344,華邦電,1995/10/18,上市,半導體業
2345,智邦,1995/11/15,上市,通信網路業
2347,聯強,1995/12/13,上市,電子通路業
2348,海悅,1996/01/05,上市,其他業
2349,錸德,1996/04/23,上市,光電業
2351,順德,1996/04/25,上市,半導體業
2352,佳世達,1996/07/22,上市,電腦及週邊設備業
2353,宏碁,1996/09/18,上市,電腦及週邊設備業
2354,鴻準,1996/10/08,上市,其他電子業
2355,敬鵬,1996/10/14,上市,電子零組件業
2356,英業達,1996/11/13,上市,電腦及週邊設備業
2357,華碩,1996/11/14,上市,電腦及週邊設備業
2358,廷鑫,1996/12/18,上市,其他業
2359,所羅門,1996/12/19,上市,其他電子業
2360,致茂,1996/12/21,上市,其他電子業
2362,藍天,1997/04/02,上市,電腦及週邊設備業
2363,矽統,1997/08/01,上市,半導體業
2364,倫飛,1997/08/11,上市,電腦及週邊設備業
2365,昆盈,1997/11/03,上市,電腦及週邊設備業
2367,燿華,1997/12/13,上市,電子零組件業
2368,金像電,1998/03/09,上市,電子零組件業
2369,菱生,1998/04/10,上市,半導體業
2371,大同,1962/02/09,上市,電機機械
2373,震旦行,1991/08/01,上市,其他電子業
2374,佳能,1995/01/16,上市,光電業
2375,凱美,1998/08/29,上市,電子零組件業
2376,技嘉,1998/09/24,上市,電腦及週邊設備業
2377,微星,1998/10/31,上市,電腦及週邊設備業
2379,瑞昱,1998/10/26,上市,半導體業
2380,虹光,1998/12/03,上市,電腦及週邊設備業
2382,廣達,1999/01/08,上市,電腦及週邊設備業
2383,台光電,1998/11/27,上市,電子零組件業
2385,群光,1999/01/05,上市,電子零組件業
2387,精元,1999/01/25,上市,電腦及週邊設備業
2388,威盛,1999/03/05,上市,半導體業
2390,云辰,1999/06/15,上市,其他電子業
2392,正崴,1999/09/20,上市,電子零組件業
2393,億光,1999/11/04,上市,光電業
2395,研華,1999/12/13,上市,電腦及週邊設備業
2397,友通,2000/01/15,上市,電腦及週邊設備業
2399,映泰,1999/12/16,上市,電腦及週邊設備業
2401,凌陽,2000/01/27,上市,半導體業
2402,毅嘉,2000/01/14,上市,電子零組件業
2404,漢唐,2000/03/14,上市,其他電子業
2405,浩鑫,2000/03/17,上市,電腦及週邊設備業
2406,國碩,2000/04/29,上市,光電業
2408,南亞科,2000/08/17,上市,半導體業
2409,友達,2000/09/08,上市,光電業
2412,中華電,2000/10/27,上市,通信網路業
2413,環科,2000/09/11,上市,電子零組件業
2414,精技,2000/09/11,上市,電子通路業
2415,錩新,2000/09/11,上市,電子零組件業
2417,圓剛,2000/09/11,上市,電腦及週邊設備業
2419,仲琦,2000/09/11,上市,通信網路業
2420,新巨,2000/09/11,上市,電子零組件業
2421,建準,2000/09/11,上市,電子零組件業
2423,固緯,2000/09/11,上市,其他電子業
2424,隴華,2000/09/11,上市,電腦及週邊設備業
2425,承啟,2000/09/11,上市,電腦及週邊設備業
2426,鼎元,2000/09/11,上市,光電業
2427,三商電,2000/09/11,上市,資訊服務業
2428,興勤,2000/09/11,上市,電子零組件業
2429,銘旺科,2000/09/11,上市,電子零組件業
2430,燦坤,2000/09/11,上市,電子通路業
2431,聯昌,2000/09/11,上市,電子零組件業
2433,互盛電,2000/09/11,上市,其他電子業
2434,統懋,2000/09/11,上市,半導體業
2436,偉詮電,2000/09/11,上市,半導體業
2438,翔耀,2000/09/11,上市,光電業
2439,美律,2000/09/11,上市,通信網路業
2440,太空梭,2000/11/10,上市,電子零組件業
2441,超豐,2000/10/26,上市,半導體業
2442,新美齊,2000/11/22,上市,電腦及週邊設備業
2443,億麗,2001/01/03,上市,其他業
2444,兆勁,2000/12/08,上市,通信網路業
2449,京元電子,2001/05/09,上市,半導體業
2450,神腦,2001/05/24,上市,通信網路業
2451,創見,2001/05/03,上市,半導體業
2453,凌群,2001/05/22,上市,資訊服務業
2454,聯發科,2001/07/23,上市,半導體業
2455,全新,2002/01/24,上市,通信網路業
2456,奇力新,2001/09/26,上市,電子零組件業
2457,飛宏,2001/09/17,上市,電子零組件業
2458,義隆,2001/09/17,上市,半導體業
2459,敦吉,2001/09/17,上市,電子通路業
2460,建通,2001/09/17,上市,電子零組件業
2461,光群雷,2001/09/17,上市,其他電子業
2462,良得電,2001/09/17,上市,電子零組件業
2464,盟立,2001/09/17,上市,其他電子業
2465,麗臺,2001/09/19,上市,電腦及週邊設備業
2466,冠西電,2001/09/17,上市,光電業
2467,志聖,2001/09/17,上市,電子零組件業
2468,華經,2001/09/17,上市,資訊服務業
2471,資通,2001/09/17,上市,資訊服務業
2472,立隆電,2001/09/17,上市,電子零組件業
2474,可成,2001/09/17,上市,其他電子業
2476,鉅祥,2001/09/17,上市,電子零組件業
2477,美隆電,2001/09/17,上市,其他電子業
2478,大毅,2001/09/17,上市,電子零組件業
2480,敦陽科,2001/09/17,上市,資訊服務業
2481,強茂,2001/09/17,上市,半導體業
2482,連宇,2001/09/17,上市,其他電子業
2483,百容,2001/09/17,上市,電子零組件業
2484,希華,2001/09/17,上市,電子零組件業
2485,兆赫,2001/09/17,上市,通信網路業
2486,一詮,2001/09/19,上市,光電業
2488,漢平,2001/09/17,上市,其他電子業
2489,瑞軒,2001/09/17,上市,光電業
2491,吉祥全,2001/09/17,上市,光電業
2492,華新科,2001/09/17,上市,電子零組件業
2493,揚博,2002/01/23,上市,電子零組件業
2495,普安,2002/03/25,上市,其他電子業
2496,卓越,2002/03/08,上市,其他業
2497,怡利電,2002/02/04,上市,汽車工業
2498,宏達電,2002/03/26,上市,通信網路業
2501,國建,1967/10/28,上市,建材營造業
2504,國產,1978/03/14,上市,建材營造業
2505,國揚,1979/11/14,上市,建材營造業
2506,太設,1980/02/02,上市,建材營造業
2509,全坤建,1988/05/20,上市,建材營造業
2511,太子,1991/04/24,上市,建材營造業
2514,龍邦,1992/09/26,上市,其他業
2515,中工,1993/03/02,上市,建材營造業
2516,新建,1993/05/25,上市,建材營造業
2520,冠德,1993/10/27,上市,建材營造業
2524,京城,1994/10/18,上市,建材營造業
2527,宏璟,1995/03/06,上市,建材營造業
2528,皇普,1995/03/10,上市,建材營造業
2530,華建,1995/10/12,上市,建材營造業
2534,宏盛,1996/02/12,上市,建材營造業
2535,達欣工,1996/03/11,上市,建材營造業
2536,宏普,1996/03/14,上市,建材營造業
2537,聯上發,1996/09/06,上市,建材營造業
2538,基泰,1996/11/01,上市,建材營造業
2539,櫻花建,1997/07/16,上市,建材營造業
2540,愛山林,1989/12/26,上市,建材營造業
2542,興富發,1999/05/03,上市,建材營造業
2543,皇昌,1999/10/15,上市,建材營造業
2545,皇翔,2000/09/11,上市,建材營造業
2546,根基,2000/09/11,上市,建材營造業
2547,日勝生,2000/12/22,上市,建材營造業
2548,華固,2002/08/26,上市,建材營造業
2597,潤弘,2010/03/26,上市,建材營造業
2601,益航,1965/11/04,上市,貿易百貨業
2603,長榮,1987/09/21,上市,航運業
2605,新興,1989/12/08,上市,航運業
2606,裕民,1990/12/08,上市,航運業
2607,榮運,1990/12/14,上市,航運業
2608,嘉里大榮,1990/12/20,上市,航運業
2609,陽明,1992/04/20,上市,航運業
2610,華航,1993/02/26,上市,航運業
2611,志信,1993/10/28,上市,航運業
2612,中航,1994/10/20,上市,航運業
2613,中櫃,1995/01/20,上市,航運業
2614,東森,1995/09/23,上市,貿易百貨業
2615,萬海,1996/05/16,上市,航運業
2616,山隆,1997/11/08,上市,油電燃氣業
2617,台航,1998/06/24,上市,航運業
2618,長榮航,2001/09/17,上市,航運業
2630,亞航,2018/02/22,上市,航運業
2633,台灣高鐵,2016/10/27,上市,航運業
2634,漢翔,2014/08/25,上市,航運業
2636,台驊投控,2016/12/22,上市,航運業
2637,慧洋-KY,2010/12/01,上市,航運業
2642,宅配通,2013/12/12,上市,航運業
2701,萬企,1965/03/22,上市,觀光事業
2702,華園,1965/02/14,上市,觀光事業
2704,國賓,1982/11/10,上市,觀光事業
2705,六福,1988/12/24,上市,觀光事業
2706,第一店,1991/06/25,上市,觀光事業
2707,晶華,1998/03/09,上市,觀光事業
2712,遠雄來,2013/12/03,上市,觀光事業
2722,夏都,2012/03/14,上市,觀光事業
2723,美食-KY,2010/11/22,上市,觀光事業
2727,王品,2012/03/06,上市,觀光事業
2731,雄獅,2013/09/24,上市,觀光事業
2739,寒舍,2016/05/19,上市,觀光事業
2748,雲品,2016/11/23,上市,觀光事業
2801,彰銀,1962/02/15,上市,金融保險業
2809,京城銀,1983/07/20,上市,金融保險業
2812,台中銀,1984/05/15,上市,金融保險業
2816,旺旺保,1992/05/05,上市,金融保險業
2820,華票,1994/10/26,上市,金融保險業
2823,中壽,1995/02/08,上市,金融保險業
2832,台產,1997/09/30,上市,金融保險業
2834,臺企銀,1998/01/03,上市,金融保險業
2836,高雄銀,1998/05/18,上市,金融保險業
2838,聯邦銀,1998/06/29,上市,金融保險業
2841,台開,1999/01/08,上市,建材營造業
2845,遠東銀,1998/11/27,上市,金融保險業
2849,安泰銀,1999/09/27,上市,金融保險業
2850,新產,2000/05/22,上市,金融保險業
2851,中再保,2000/07/06,上市,金融保險業
2852,第一保,2000/11/28,上市,金融保險業
2855,統一證,2002/09/16,上市,金融保險業
2867,三商壽,2012/12/18,上市,金融保險業
2880,華南金,2001/12/19,上市,金融保險業
2881,富邦金,2001/12/19,上市,金融保險業
2882,國泰金,2001/12/31,上市,金融保險業
2883,開發金,2001/12/28,上市,金融保險業
2884,玉山金,2002/01/28,上市,金融保險業
2885,元大金,2002/02/04,上市,金融保險業
2886,兆豐金,2002/02/04,上市,金融保險業
2887,台新金,2002/02/18,上市,金融保險業
2888,新光金,2002/02/19,上市,金融保險業
2889,國票金,2002/03/26,上市,金融保險業
2890,永豐金,2002/05/09,上市,金融保險業
2891,中信金,2002/05/17,上市,金融保險業
2892,第一金,2003/01/02,上市,金融保險業
2897,王道銀行,2017/05/05,上市,金融保險業
2901,欣欣,1976/05/07,上市,貿易百貨業
2903,遠百,1978/10/11,上市,貿易百貨業
2904,匯僑,1983/01/05,上市,其他業
2905,三商,1988/09/19,上市,貿易百貨業
2906,高林,1989/12/26,上市,貿易百貨業
2908,特力,1993/02/18,上市,貿易百貨業
2910,統領,1996/12/30,上市,貿易百貨業
2911,麗嬰房,1997/01/18,上市,貿易百貨業
2912,統一超,1997/08/22,上市,貿易百貨業
2913,農林,1962/02/09,上市,貿易百貨業
2915,潤泰全,1977/07/20,上市,貿易百貨業
2923,鼎固-KY,2012/12/07,上市,建材營造業
2929,淘帝-KY,2013/12/30,上市,貿易百貨業
2936,客思達-KY,2016/09/26,上市,貿易百貨業
2939,凱羿-KY,2018/01/11,上市,貿易百貨業
3002,歐格,2002/01/23,上市,電腦及週邊設備業
3003,健和興,2002/02/19,上市,電子零組件業
3004,豐達科,2002/02/25,上市,鋼鐵工業
3005,神基,2002/02/25,上市,電腦及週邊設備業
3006,晶豪科,2002/03/04,上市,半導體業
3008,大立光,2002/03/11,上市,光電業
3010,華立,2002/07/22,上市,電子通路業
3011,今皓,2002/07/22,上市,電子零組件業
3013,晟銘電,2002/09/16,上市,電腦及週邊設備業
3014,聯陽,2002/10/29,上市,半導體業
3015,全漢,2002/10/16,上市,電子零組件業
3016,嘉晶,2002/12/24,上市,半導體業
3017,奇鋐,2002/09/27,上市,電腦及週邊設備業
3018,同開,2002/08/26,上市,其他電子業
3019,亞光,2002/08/26,上市,光電業
3021,鴻名,2002/08/26,上市,電子零組件業
3022,威強電,2002/08/26,上市,電腦及週邊設備業
3023,信邦,2002/08/26,上市,電子零組件業
3024,憶聲,2002/08/26,上市,光電業
3025,星通,2002/08/26,上市,通信網路業
3026,禾伸堂,2002/08/26,上市,電子零組件業
3027,盛達,2002/08/26,上市,通信網路業
3028,增你強,2002/08/26,上市,電子通路業
3029,零壹,2002/08/26,上市,資訊服務業
3030,德律,2002/10/29,上市,其他電子業
3031,佰鴻,2002/08/26,上市,光電業
3032,偉訓,2002/08/26,上市,電子零組件業
3033,威健,2002/08/26,上市,電子通路業
3034,聯詠,2002/08/26,上市,半導體業
3035,智原,2002/08/26,上市,半導體業
3036,文曄,2002/08/26,上市,電子通路業
3037,欣興,2002/08/26,上市,電子零組件業
3038,全台,2002/08/26,上市,光電業
3040,遠見,2002/08/26,上市,其他業
3041,揚智,2002/08/26,上市,半導體業
3042,晶技,2002/08/26,上市,電子零組件業
3043,科風,2002/08/26,上市,其他電子業
3044,健鼎,2002/08/26,上市,電子零組件業
3045,台灣大,2002/08/26,上市,通信網路業
3046,建碁,2002/08/26,上市,電腦及週邊設備業
3047,訊舟,2002/08/26,上市,通信網路業
3048,益登,2002/10/01,上市,電子通路業
3049,和鑫,2002/09/27,上市,光電業
3050,鈺德,2002/10/29,上市,光電業
3051,力特,2002/10/28,上市,光電業
3052,夆典,1995/11/25,上市,建材營造業
3054,立萬利,2002/11/18,上市,半導體業
3055,蔚華科,2002/12/12,上市,電子通路業
3056,總太,2003/03/03,上市,建材營造業
3057,喬鼎,2002/12/18,上市,電腦及週邊設備業
3058,立德,2002/12/09,上市,電子零組件業
3059,華晶科,2002/12/24,上市,光電業
3060,銘異,2003/04/21,上市,電腦及週邊設備業
3062,建漢,2003/07/28,上市,通信網路業
3090,日電貿,2007/12/31,上市,電子零組件業
3092,鴻碩,2021/05/13,上市,電子零組件業
3094,聯傑,2007/08/06,上市,半導體業
3130,一零四,2006/02/17,上市,資訊服務業
3138,耀登,2020/12/11,上市,通信網路業
3149,正達,2011/11/23,上市,光電業
3164,景岳,2010/03/22,上市,生技醫療業
3167,大量,2013/10/21,上市,電機機械
3189,景碩,2004/11/01,上市,半導體業
3209,全科,2008/11/26,上市,電子通路業
3229,晟鈦,2009/12/31,上市,電子零組件業
3231,緯創,2003/08/19,上市,電腦及週邊設備業
3257,虹冠電,2011/03/21,上市,半導體業
3266,昇陽,2014/12/24,上市,建材營造業
3296,勝德,2007/12/31,上市,電子零組件業
3305,昇貿,2008/07/10,上市,其他電子業
3308,聯德,2008/03/12,上市,電子零組件業
3311,閎暉,2004/03/08,上市,通信網路業
3312,弘憶股,2010/12/29,上市,電子通路業
3321,同泰,2015/12/15,上市,電子零組件業
3338,泰碩,2013/12/13,上市,電子零組件業
3346,麗清,2016/12/19,上市,汽車工業
3356,奇偶,2005/03/28,上市,光電業
3376,新日興,2007/12/31,上市,電子零組件業
3380,明泰,2004/12/20,上市,通信網路業
3383,新世紀,2007/12/10,上市,光電業
3406,玉晶光,2005/12/20,上市,光電業
3413,京鼎,2015/07/28,上市,半導體業
3416,融程電,2015/01/23,上市,電腦及週邊設備業
3419,譁裕,2008/01/21,上市,通信網路業
3432,台端,2010/12/30,上市,電子零組件業
3437,榮創,2014/07/09,上市,光電業
3443,創意,2006/11/03,上市,半導體業
3450,聯鈞,2006/04/12,上市,其他電子業
3454,晶睿,2011/07/22,上市,光電業
3481,群創,2006/10/24,上市,光電業
3494,誠研,2007/12/13,上市,電腦及週邊設備業
3501,維熹,2007/09/20,上市,電子零組件業
3504,揚明光,2007/01/26,上市,光電業
3515,華擎,2007/11/08,上市,電腦及週邊設備業
3518,柏騰,2007/11/28,上市,其他電子業
3528,安馳,2016/05/18,上市,電子通路業
3530,晶相光,2018/07/16,上市,半導體業
3532,台勝科,2007/12/10,上市,半導體業
3533,嘉澤,2007/12/10,上市,電子零組件業
3535,晶彩科,2008/01/31,上市,光電業
3536,誠創,2008/04/30,上市,半導體業
3543,州巧,2020/04/15,上市,光電業
3545,敦泰,2007/07/03,上市,半導體業
3550,聯穎,2010/11/10,上市,電子零組件業
3557,嘉威,2008/02/27,上市,其他業
3563,牧德,2019/04/02,上市,光電業
3576,聯合再生,2009/01/12,上市,光電業
3583,辛耘,2013/03/12,上市,半導體業
3588,通嘉,2009/08/14,上市,半導體業
3591,艾笛森,2010/11/12,上市,光電業
3593,力銘,2009/03/16,上市,電子零組件業
3596,智易,2009/03/11,上市,通信網路業
3605,宏致,2009/03/26,上市,電子零組件業
3607,谷崧,2009/10/28,上市,電子零組件業
3617,碩天,2009/12/23,上市,其他電子業
3622,洋華,2009/03/25,上市,光電業
3645,達邁,2011/10/05,上市,電子零組件業
3653,健策,2009/11/18,上市,電子零組件業
3661,世芯-KY,2014/10/28,上市,半導體業
3665,貿聯-KY,2011/04/21,上市,其他電子業
3669,圓展,2011/08/25,上市,光電業
3673,TPK-KY,2010/10/29,上市,光電業
3679,新至陞,2011/10/05,上市,電子零組件業
3682,亞太電,2013/08/05,上市,通信網路業
3686,達能,2010/07/20,上市,半導體業
3694,海華,2011/05/03,上市,通信網路業
3701,大眾控,2004/08/30,上市,電腦及週邊設備業
3702,大聯大,2005/11/09,上市,電子通路業
3703,欣陸,2010/04/08,上市,建材營造業
3704,合勤控,2010/08/16,上市,通信網路業
3705,永信,2011/01/03,上市,生技醫療業
3706,神達,2013/09/12,上市,電腦及週邊設備業
3708,上緯投控,2016/08/31,上市,化學工業
3711,日月光投控,2018/04/30,上市,半導體業
3712,永崴投控,2018/10/01,上市,電腦及週邊設備業
3714,富采,2021/01/06,上市,光電業
4104,佳醫,2007/12/31,上市,生技醫療業
4106,雃博,2004/11/08,上市,生技醫療業
4108,懷特,2008/07/16,上市,生技醫療業
4119,旭富,2004/01/07,上市,生技醫療業
4133,亞諾法,2009/12/28,上市,生技醫療業
4137,麗豐-KY,2013/11/27,上市,生技醫療業
4141,龍燈-KY,2012/04/25,上市,生技醫療業
4142,國光生,2012/05/03,上市,生技醫療業
4155,訊映,2017/12/05,上市,生技醫療業
4164,承業醫,2012/10/24,上市,生技醫療業
4190,佐登-KY,2015/10/21,上市,生技醫療業
4306,炎洲,2008/01/21,上市,塑膠工業
4414,如興,2004/09/06,上市,紡織纖維
4426,利勤,2011/12/16,上市,紡織纖維
4438,廣越,2016/10/18,上市,紡織纖維
4439,冠星-KY,2019/12/05,上市,紡織纖維
4526,東台,2003/09/15,上市,電機機械
4532,瑞智,2003/08/04,上市,電機機械
4536,拓凱,2013/10/09,上市,其他業
4540,全球傳動,2018/08/15,上市,電機機械
4545,銘鈺,2016/01/06,上市,電子零組件業
4551,智伸科,2015/08/10,上市,汽車工業
4552,力達-KY,2016/07/20,上市,電機機械
4555,氣立,2015/10/27,上市,電機機械
4557,永新-KY,2015/10/12,上市,汽車工業
4560,強信-KY,2017/05/26,上市,電機機械
4562,穎漢,2017/08/21,上市,電機機械
4564,元翎,2019/03/07,上市,電機機械
4566,時碩工業,2018/02/05,上市,電機機械
4571,鈞興-KY,2019/09/17,上市,電機機械
4572,駐龍,2019/09/10,上市,電機機械
4576,大銀微系統,2019/09/04,上市,電機機械
4581,光隆精密-KY,2020/03/09,上市,汽車工業
4720,德淵,2015/06/24,上市,化學工業
4722,國精化,2012/08/15,上市,化學工業
4737,華廣,2010/12/23,上市,生技醫療業
4739,康普,2017/09/08,上市,化學工業
4746,台耀,2011/03/01,上市,生技醫療業
4755,三福化,2013/11/27,上市,化學工業
4763,材料-KY,2015/11/09,上市,化學工業
4764,雙鍵,2018/01/04,上市,化學工業
4766,南寶,2018/11/28,上市,化學工業
4807,日成-KY,2017/06/26,上市,貿易百貨業
4904,遠傳,2005/08/24,上市,通信網路業
4906,正文,2003/06/30,上市,通信網路業
4912,聯德控股-KY,2015/05/21,上市,電子零組件業
4915,致伸,2012/10/05,上市,電子零組件業
4916,事欣科,2013/11/21,上市,電腦及週邊設備業
4919,新唐,2010/09/27,上市,半導體業
4927,泰鼎-KY,2015/09/08,上市,電子零組件業
4930,燦星網,2010/06/21,上市,電器電纜
4934,太極,2010/03/10,上市,光電業
4935,茂林-KY,2011/07/28,上市,光電業
4938,和碩,2010/06/24,上市,電腦及週邊設備業
4942,嘉彰,2011/06/27,上市,光電業
4943,康控-KY,2016/11/11,上市,電子零組件業
4952,凌通,2011/11/01,上市,半導體業
4956,光鋐,2011/10/24,上市,光電業
4958,臻鼎-KY,2011/12/26,上市,電子零組件業
4960,誠美材,2011/10/24,上市,光電業
4961,天鈺,2018/10/17,上市,半導體業
4967,十銓,2019/01/14,上市,半導體業
4968,立積,2015/11/13,上市,半導體業
4976,佳凌,2012/11/20,上市,光電業
4977,眾達-KY,2013/11/20,上市,通信網路業
4989,榮科,2018/06/28,上市,電子零組件業
4994,傳奇,2013/12/25,上市,資訊服務業
4999,鑫禾,2013/06/03,上市,電子零組件業
5007,三星,2011/09/16,上市,鋼鐵工業
5203,訊連,2004/09/27,上市,資訊服務業
5215,科嘉-KY,2011/12/26,上市,電腦及週邊設備業
5225,東科-KY,2012/11/05,上市,其他電子業
5234,達興材料,2012/07/16,上市,光電業
5243,乙盛-KY,2013/11/25,上市,光電業
5258,虹堡,2016/12/30,上市,電腦及週邊設備業
5269,祥碩,2012/12/12,上市,半導體業
5283,禾聯碩,2019/05/24,上市,電器電纜
5284,jpp-KY,2017/03/09,上市,其他業
5285,界霖,2014/02/25,上市,半導體業
5288,豐祥-KY,2014/09/25,上市,電機機械
5388,中磊,2007/12/03,上市,通信網路業
5434,崇越,2003/08/25,上市,電子通路業
5469,瀚宇博,2003/08/25,上市,電子零組件業
5471,松翰,2003/08/25,上市,半導體業
5484,慧友,2003/08/25,上市,光電業
5515,建國,2003/10/06,上市,建材營造業
5519,隆大,2014/02/10,上市,建材營造業
5521,工信,2012/12/18,上市,建材營造業
5522,遠雄,2007/08/06,上市,建材營造業
5525,順天,2004/11/26,上市,建材營造業
5531,鄉林,2005/01/31,上市,建材營造業
5533,皇鼎,2008/04/30,上市,建材營造業
5534,長虹,2004/05/24,上市,建材營造業
5538,東明-KY,2013/12/16,上市,鋼鐵工業
5546,永固-KY,2020/05/20,上市,建材營造業
5607,遠雄港,2004/12/02,上市,航運業
5608,四維航,2003/08/25,上市,航運業
5706,鳳凰,2011/10/21,上市,觀光事業
5871,中租-KY,2011/12/13,上市,其他業
5876,上海商銀,2018/10/19,上市,金融保險業
5880,合庫金,2011/12/01,上市,金融保險業
5906,台南-KY,2011/10/24,上市,貿易百貨業
5907,大洋-KY,2012/06/06,上市,貿易百貨業
6005,群益證,2005/11/21,上市,金融保險業
6024,群益期,2017/10/16,上市,金融保險業
6108,競國,2008/12/30,上市,電子零組件業
6112,聚碩,2003/08/04,上市,資訊服務業
6115,鎰勝,2004/07/19,上市,電子零組件業
6116,彩晶,2004/09/06,上市,光電業
6117,迎廣,2003/08/25,上市,電腦及週邊設備業
6120,達運,2006/09/13,上市,光電業
6128,上福,2003/06/16,上市,電腦及週邊設備業
6131,鈞泰,2004/09/27,上市,光電業
6133,金橋,2003/08/15,上市,電子零組件業
6136,富爾特,2003/08/25,上市,通信網路業
6139,亞翔,2003/08/25,上市,其他電子業
6141,柏承,2003/10/22,上市,電子零組件業
6142,友勁,2003/08/04,上市,通信網路業
6152,百一,2009/12/08,上市,通信網路業
6153,嘉聯益,2008/01/21,上市,電子零組件業
6155,鈞寶,2006/08/18,上市,電子零組件業
6164,華興,2008/10/21,上市,光電業
6165,浪凡,2003/08/04,上市,電子零組件業
6166,凌華,2004/11/08,上市,電腦及週邊設備業
6168,宏齊,2003/08/25,上市,光電業
6172,互億,2004/05/24,上市,電腦及週邊設備業
6176,瑞儀,2007/05/15,上市,光電業
6177,達麗,2013/08/01,上市,建材營造業
6183,關貿,2011/12/01,上市,資訊服務業
6184,大豐電,2005/02/15,上市,其他業
6189,豐藝,2004/05/24,上市,電子通路業
6191,精成科,2007/10/19,上市,電子零組件業
6192,巨路,2004/09/27,上市,其他電子業
6196,帆宣,2004/05/24,上市,其他電子業
6197,佳必琪,2004/11/08,上市,電子零組件業
6201,亞弘電,2004/09/27,上市,其他電子業
6202,盛群,2004/09/27,上市,半導體業
6205,詮欣,2008/01/21,上市,電子零組件業
6206,飛捷,2004/08/03,上市,電腦及週邊設備業
6209,今國光,2004/11/08,上市,光電業
6213,聯茂,2008/01/21,上市,電子零組件業
6214,精誠,2010/12/30,上市,資訊服務業
6215,和椿,2007/12/31,上市,其他電子業
6216,居易,2004/09/27,上市,通信網路業
6224,聚鼎,2009/09/17,上市,電子零組件業
6225,天瀚,2004/09/27,上市,光電業
6226,光鼎,2008/11/10,上市,光電業
6230,尼得科超眾,2010/09/16,上市,電腦及週邊設備業
6235,華孚,2004/08/23,上市,電腦及週邊設備業
6239,力成,2004/11/08,上市,半導體業
6243,迅杰,2009/12/17,上市,半導體業
6251,定穎,2009/03/18,上市,電子零組件業
6257,矽格,2003/08/25,上市,半導體業
6269,台郡,2003/09/23,上市,電子零組件業
6271,同欣電,2007/11/16,上市,半導體業
6277,宏正,2003/10/30,上市,電腦及週邊設備業
6278,台表科,2010/08/24,上市,光電業
6281,全國電,2005/12/08,上市,電子通路業
6282,康舒,2003/09/08,上市,電子零組件業
6283,淳安,2008/01/21,上市,其他電子業
6285,啟碁,2003/09/22,上市,通信網路業
6288,聯嘉,2018/05/09,上市,汽車工業
6289,華上,2003/08/28,上市,光電業
6405,悅城,2013/11/28,上市,光電業
6409,旭隼,2014/03/31,上市,其他電子業
6412,群電,2013/11/08,上市,電子零組件業
6414,樺漢,2014/03/28,上市,電腦及週邊設備業
6415,矽力-KY,2013/12/12,上市,半導體業
6416,瑞祺電通,2018/04/16,上市,通信網路業
6426,統新,2021/03/24,上市,通信網路業
6431,光麗-KY,2014/12/04,上市,光電業
6438,迅得,2021/01/19,上市,其他電子業
6442,光聖,2015/07/14,上市,通信網路業
6443,元晶,2015/10/01,上市,光電業
6449,鈺邦,2014/12/09,上市,電子零組件業
6451,訊芯-KY,2015/01/26,上市,半導體業
6456,GIS-KY,2015/06/12,上市,光電業
6464,台數科,2015/12/16,上市,其他業
6477,安集,2016/06/21,上市,光電業
6491,晶碩,2019/10/07,上市,生技醫療業
6504,南六,2013/05/07,上市,其他業
6505,台塑化,2003/12/26,上市,油電燃氣業
6515,穎崴,2021/01/20,上市,半導體業
6525,捷敏-KY,2016/04/12,上市,半導體業
6531,愛普,2016/05/31,上市,半導體業
6533,晶心科,2017/03/14,上市,半導體業
6541,泰福-KY,2017/10/26,上市,生技醫療業
6552,易華電,2017/01/10,上市,半導體業
6558,興能高,2018/12/05,上市,其他電子業
6573,虹揚-KY,2017/09/26,上市,半導體業
6579,研揚,2017/08/21,上市,電腦及週邊設備業
6581,鋼聯,2018/01/30,上市,其他業
6582,申豐,2017/06/14,上市,橡膠工業
6591,動力-KY,2017/12/28,上市,電腦及週邊設備業
6592,和潤企業,2019/12/09,上市,其他業
6598,ABC-KY,2020/06/09,上市,生技醫療業
6605,帝寶,2004/03/17,上市,汽車工業
6625,必應,2018/02/07,上市,其他業
6641,基士德-KY,2018/09/21,上市,其他業
6655,科定,2018/11/28,上市,其他業
6666,羅麗芬-KY,2018/11/19,上市,生技醫療業
6668,中揚光,2018/12/12,上市,光電業
6669,緯穎,2019/03/27,上市,電腦及週邊設備業
6670,復盛應用,2018/12/18,上市,其他業
6671,三能-KY,2018/12/11,上市,其他業
6672,騰輝電子-KY,2019/04/17,上市,電子零組件業
6674,鋐寶科技,2018/11/28,上市,通信網路業
6698,旭暉應材,2019/11/25,上市,其他電子業
6706,惠特,2019/12/19,上市,光電業
6715,嘉基,2019/12/12,上市,電子零組件業
6743,安普新,2020/12/14,上市,其他電子業
6754,匯僑設計,2020/08/25,上市,其他業
6756,威鋒電子,2020/12/24,上市,半導體業
6768,志強-KY,2021/04/22,上市,其他業
6776,展碁國際,2021/03/31,上市,電子通路業
6781,AES-KY,2021/03/22,上市,電子零組件業
8011,台通,2011/09/19,上市,通信網路業
8016,矽創,2003/12/25,上市,半導體業
8021,尖點,2008/01/21,上市,其他電子業
8028,昇陽半導體,2018/07/10,上市,半導體業
8033,雷虎,2007/06/21,上市,其他業
8039,台虹,2009/12/17,上市,電子零組件業
8046,南電,2006/04/07,上市,電子零組件業
8070,長華*,2007/12/31,上市,電子通路業
8072,陞泰,2005/08/19,上市,電子通路業
8081,致新,2008/12/30,上市,半導體業
8101,華冠,2004/07/01,上市,通信網路業
8103,瀚荃,2009/09/29,上市,電子零組件業
8104,錸寶,2019/01/17,上市,光電業
8105,凌巨,2006/12/27,上市,光電業
8110,華東,2007/10/31,上市,半導體業
8112,至上,2007/12/31,上市,電子通路業
8114,振樺電,2012/11/26,上市,電腦及週邊設備業
8131,福懋科,2007/11/29,上市,半導體業
8150,南茂,2014/04/11,上市,半導體業
8163,達方,2007/11/28,上市,電腦及週邊設備業
8201,無敵,2007/10/29,上市,其他電子業
8210,勤誠,2011/12/01,上市,電腦及週邊設備業
8213,志超,2009/12/25,上市,電子零組件業
8215,明基材,2010/11/12,上市,光電業
8222,寶一,2015/01/27,上市,電機機械
8249,菱光,2005/05/17,上市,電子零組件業
8261,富鼎,2009/12/11,上市,半導體業
8271,宇瞻,2010/12/29,上市,半導體業
8341,日友,2015/03/23,上市,其他業
8367,建新國際,2018/09/12,上市,航運業
8374,羅昇,2008/12/25,上市,電機機械
8404,百和興業-KY,2011/05/18,上市,其他業
8411,福貞-KY,2011/11/01,上市,其他業
8422,可寧衛,2011/10/05,上市,其他業
8427,基勝-KY,2011/12/06,上市,其他業
8429,金麗-KY,2012/12/20,上市,貿易百貨業
8442,威宏-KY,2016/11/08,上市,其他業
8443,阿瘦,2014/09/15,上市,貿易百貨業
8454,富邦媒,2014/12/19,上市,貿易百貨業
8462,柏文,2019/03/15,上市,觀光事業
8463,潤泰材,2015/07/13,上市,其他業
8464,億豐,2015/12/22,上市,其他業
8466,美吉吉-KY,2016/11/01,上市,其他業
8467,波力-KY,2015/12/15,上市,其他業
8473,山林水,2016/09/08,上市,其他業
8478,東哥遊艇,2017/12/11,上市,其他業
8480,泰昇-KY,2017/01/17,上市,其他業
8481,政伸,2017/02/24,上市,其他業
8482,商億-KY,2018/08/15,上市,其他業
8488,吉源-KY,2016/12/13,上市,其他業
8499,鼎炫-KY,2017/11/24,上市,其他業
8926,台汽電,2003/08/25,上市,油電燃氣業
8940,新天地,2009/05/15,上市,觀光事業
8996,高力,2014/02/14,上市,電機機械
9802,鈺齊-KY,2012/10/18,上市,其他業
9902,台火,1964/07/14,上市,其他業
9904,寶成,1990/01/19,上市,其他業
9905,大華,1990/08/08,上市,其他業
9906,欣巴巴,1990/12/15,上市,建材營造業
9907,統一實,1991/01/29,上市,其他業
9908,大台北,1991/02/06,上市,油電燃氣業
9910,豐泰,1992/02/18,上市,其他業
9911,櫻花,1992/07/16,上市,其他業
9912,偉聯,1992/08/08,上市,電腦及週邊設備業
9914,美利達,1992/09/30,上市,其他業
9917,中保科,1993/12/08,上市,其他業
9918,欣天然,1994/04/26,上市,油電燃氣業
9919,康那香,1994/11/04,上市,其他業
9921,巨大,1994/12/29,上市,其他業
9924,福興,1995/03/15,上市,其他業
9925,新保,1995/12/09,上市,其他業
9926,新海,1998/04/08,上市,油電燃氣業
9927,泰銘,1999/03/12,上市,其他業
9928,中視,1999/08/09,上市,其他業
9929,秋雨,1999/06/28,上市,其他業
9930,中聯資源,1999/11/22,上市,其他業
9931,欣高,2000/03/21,上市,油電燃氣業
9933,中鼎,1993/05/28,上市,其他業
9934,成霖,2000/09/11,上市,其他業
9935,慶豐富,2000/09/11,上市,其他業
9937,全國,2000/09/11,上市,油電燃氣業
9938,百和,2001/01/12,上市,其他業
9939,宏全,2001/03/02,上市,其他業
9940,信義,2001/09/17,上市,其他業
9941,裕融,2001/09/17,上市,其他業
9942,茂順,2002/01/28,上市,其他業
9943,好樂迪,2002/08/26,上市,觀光事業
9944,新麗,2002/08/26,上市,其他業
9945,潤泰新,1992/04/30,上市,其他業
9946,三發地產,2013/09/17,上市,建材營造業
9955,佳龍,2008/01/21,上市,其他業
9958,世紀鋼,2008/03/12,上市,鋼鐵工業
0050,元大台灣50,2003/06/30,上市,
0051,元大中型100,2006/08/31,上市,
0052,富邦科技,2006/09/12,上市,
0053,元大電子,2007/07/16,上市,
0054,元大台商50,2007/07/16,上市,
0055,元大MSCI金融,2007/07/16,上市,
0056,元大高股息,2007/12/26,上市,
0057,富邦摩台,2008/02/27,上市,
0061,元大寶滬深,2009/08/17,上市,
9103,美德醫療-DR,2002/12/13,上市,
9105,泰金寶-DR,2003/09/22,上市,
9110,越南控-DR,2009/12/03,上市,
9136,巨騰-DR,2009/05/25,上市,
9188,精熙-DR,2009/10/08,上市,
1240,茂生農經,2018/08/08,上櫃,農業科技業
1258,其祥-KY,2011/12/12,上櫃,食品工業
1259,安心,2011/12/15,上櫃,觀光事業
1264,德麥,2015/04/09,上櫃,食品工業
1268,漢來美食,2017/09/27,上櫃,觀光事業
1336,台翰,2007/11/02,上櫃,電子零組件業
1565,精華,2004/03/30,上櫃,生技醫療業
1569,濱川,2005/07/29,上櫃,電腦及週邊設備業
1570,力肯,2005/06/30,上櫃,電機機械
1580,新麥,2007/12/10,上櫃,電機機械
1584,精剛,2007/11/28,上櫃,其他業
1586,和勤,2012/01/09,上櫃,電機機械
1591,駿吉-KY,2012/03/23,上櫃,電機機械
1593,祺驊,2012/06/13,上櫃,生技醫療業
1595,川寶,2011/10/04,上櫃,電子零組件業
1599,宏佳騰,2012/12/25,上櫃,電機機械
1742,台蠟,2004/05/14,上櫃,化學工業
1752,南光,2009/08/10,上櫃,生技醫療業
1777,生泰,2005/10/19,上櫃,生技醫療業
1781,合世,2004/12/24,上櫃,生技醫療業
1784,訊聯,2007/07/26,上櫃,生技醫療業
1785,光洋科,2005/01/31,上櫃,其他電子業
1788,杏昌,2009/07/20,上櫃,生技醫療業
1796,金穎生技,2018/01/22,上櫃,食品工業
1799,易威,2008/11/10,上櫃,生技醫療業
1813,寶利徠,2009/08/04,上櫃,生技醫療業
1815,富喬,2006/01/23,上櫃,電子零組件業
2035,唐榮,2006/07/07,上櫃,鋼鐵工業
2061,風青,2010/12/09,上櫃,電器電纜
2063,世鎧,2010/09/07,上櫃,鋼鐵工業
2064,晉椿,2014/12/26,上櫃,鋼鐵工業
2065,世豐,2017/04/21,上櫃,鋼鐵工業
2066,世德,2013/09/24,上櫃,電機機械
2067,嘉鋼,2014/05/26,上櫃,電機機械
2070,精湛,2018/12/17,上櫃,電機機械
2221,大甲,2007/08/01,上櫃,其他業
2230,泰茂,2013/04/18,上櫃,電機機械
2235,謚源,2014/12/15,上櫃,電機機械
2596,綠意,2009/06/01,上櫃,建材營造業
2640,大車隊,2012/11/07,上櫃,其他業
2641,正德,2014/10/09,上櫃,航運業
2643,捷迅,2016/03/04,上櫃,航運業
2718,晶悅,2011/03/29,上櫃,觀光事業
2719,燦星旅,2012/02/24,上櫃,觀光事業
2724,富驛-KY,2012/05/29,上櫃,觀光事業
2726,雅茗-KY,2014/12/24,上櫃,觀光事業
2729,瓦城,2012/09/17,上櫃,觀光事業
2732,六角,2015/01/20,上櫃,觀光事業
2734,易飛網,2013/12/26,上櫃,觀光事業
2736,高野,2016/01/06,上櫃,觀光事業
2740,天蔥,2015/12/24,上櫃,觀光事業
2743,山富,2020/03/09,上櫃,觀光事業
2745,五福,2018/04/16,上櫃,觀光事業
2752,豆府,2019/09/25,上櫃,觀光事業
2754,亞洲藏壽司,2020/09/17,上櫃,觀光事業
2755,揚秦,2020/12/16,上櫃,觀光事業
2916,滿心,2005/03/10,上櫃,貿易百貨業
2924,東凌-KY,2011/12/02,上櫃,貿易百貨業
2926,誠品生活,2013/01/30,上櫃,文化創意業
2928,紅馬-KY,2016/01/27,上櫃,觀光事業
2937,集雅社,2017/06/08,上櫃,貿易百貨業
3064,泰偉,2004/06/09,上櫃,文化創意業
3066,李洲,2004/12/02,上櫃,光電業
3067,全域,2003/10/21,上櫃,其他電子業
3071,協禧,2004/12/30,上櫃,電腦及週邊設備業
3073,天方能源,2007/10/08,上櫃,半導體業
3078,僑威,2005/01/31,上櫃,電子零組件業
3081,聯亞,2015/07/22,上櫃,通信網路業
3083,網龍,2003/12/02,上櫃,文化創意業
3085,新零售,2004/03/01,上櫃,電子商務
3086,華義,2004/03/29,上櫃,文化創意業
3088,艾訊,2005/04/28,上櫃,電腦及週邊設備業
3089,元炬,2003/10/14,上櫃,電子零組件業
3093,港建,2005/06/17,上櫃,其他電子業
3095,及成,2005/05/26,上櫃,通信網路業
3105,穩懋,2011/12/13,上櫃,半導體業
3114,好德,2004/03/25,上櫃,電子零組件業
3115,寶島極,2005/04/08,上櫃,電子零組件業
3118,進階,2008/05/21,上櫃,生技醫療業
3122,笙泉,2015/01/26,上櫃,半導體業
3128,昇銳,2006/09/04,上櫃,光電業
3131,弘塑,2011/01/17,上櫃,其他電子業
3141,晶宏,2014/03/14,上櫃,半導體業
3144,新揚科,2004/12/24,上櫃,電子零組件業
3147,大綜,2018/05/29,上櫃,資訊服務業
3152,璟德,2008/03/24,上櫃,通信網路業
3162,精確,2005/10/03,上櫃,電機機械
3163,波若威,2012/12/03,上櫃,通信網路業
3169,亞信,2009/11/24,上櫃,半導體業
3171,新洲,2004/09/17,上櫃,貿易百貨業
3176,基亞,2011/11/23,上櫃,生技醫療業
3178,公準,2018/11/19,上櫃,電機機械
3188,鑫龍騰,2004/03/17,上櫃,建材營造業
3191,和進,2005/04/12,上櫃,電子零組件業
3202,樺晟,2005/07/26,上櫃,電子零組件業
3205,佰研,2005/09/12,上櫃,生技醫療業
3206,志豐,2007/02/08,上櫃,電子零組件業
3207,耀勝,2004/11/04,上櫃,電子零組件業
3211,順達,2004/11/08,上櫃,電腦及週邊設備業
3213,茂訊,2004/10/01,上櫃,電腦及週邊設備業
3217,優群,2004/04/30,上櫃,電子零組件業
3218,大學光,2004/11/29,上櫃,生技醫療業
3219,倚強股份,2004/03/19,上櫃,半導體業
3221,台嘉碩,2006/02/22,上櫃,通信網路業
3224,三顧,2004/06/03,上櫃,電子通路業
3226,至寶電,2004/06/16,上櫃,電機機械
3227,原相,2006/05/04,上櫃,半導體業
3228,金麗科,2005/03/02,上櫃,半導體業
3230,錦明,2006/09/25,上櫃,光電業
3232,昱捷,2004/11/01,上櫃,電子通路業
3234,光環,2011/03/24,上櫃,通信網路業
3236,千如,2004/12/02,上櫃,電子零組件業
3252,海灣,2004/09/23,上櫃,觀光事業
3259,鑫創,2007/12/24,上櫃,半導體業
3260,威剛,2004/10/08,上櫃,半導體業
3264,欣銓,2005/01/05,上櫃,半導體業
3265,台星科,2005/08/02,上櫃,半導體業
3268,海德威,2005/01/27,上櫃,半導體業
3272,東碩,2014/08/26,上櫃,電腦及週邊設備業
3276,宇環,2005/01/12,上櫃,電子零組件業
3284,太普高,2005/03/22,上櫃,其他業
3285,微端,2012/07/23,上櫃,其他電子業
3287,廣寰科,2008/01/28,上櫃,電腦及週邊設備業
3288,點晶,2005/04/15,上櫃,電子零組件業
3289,宜特,2004/12/28,上櫃,其他電子業
3290,東浦,2005/05/19,上櫃,電子零組件業
3293,鈊象,2006/07/12,上櫃,文化創意業
3294,英濟,2007/04/27,上櫃,電子零組件業
3297,杭特,2005/06/07,上櫃,光電業
3303,岱稜,2007/05/28,上櫃,其他電子業
3306,鼎天,2005/07/05,上櫃,通信網路業
3310,佳穎,2008/06/27,上櫃,電子零組件業
3313,斐成,2006/05/29,上櫃,電子零組件業
3317,尼克森,2007/08/09,上櫃,半導體業
3322,建舜電,2009/05/20,上櫃,電子零組件業
3323,加百裕,2007/06/25,上櫃,電腦及週邊設備業
3324,雙鴻,2005/05/13,上櫃,其他電子業
3325,旭品,2005/08/15,上櫃,電腦及週邊設備業
3332,幸康,2008/01/24,上櫃,電子零組件業
3339,泰谷,2006/06/27,上櫃,光電業
3354,律勝,2005/12/08,上櫃,電子零組件業
3357,臺慶科,2021/04/27,上櫃,電子零組件業
3360,尚立,2006/06/06,上櫃,電子通路業
3362,先進光,2005/09/06,上櫃,光電業
3363,上詮,2011/02/25,上櫃,通信網路業
3372,典範,2005/12/16,上櫃,半導體業
3373,熱映,2007/12/13,上櫃,其他電子業
3374,精材,2015/03/30,上櫃,半導體業
3379,彬台,2011/10/20,上櫃,電機機械
3388,崇越電,2006/02/22,上櫃,電子零組件業
3390,旭軟,2006/02/22,上櫃,電子零組件業
3402,漢科,2007/01/09,上櫃,其他電子業
3426,台興,2016/12/21,上櫃,電機機械
3434,哲固,2008/01/28,上櫃,光電業
3438,類比科,2006/07/19,上櫃,半導體業
3441,聯一光,2010/10/04,上櫃,光電業
3444,利機,2008/09/26,上櫃,電子通路業
3455,由田,2007/12/27,上櫃,光電業
3465,進泰電子,2008/01/28,上櫃,電子零組件業
3466,致振,2006/05/17,上櫃,通信網路業
3479,安勤,2010/06/08,上櫃,電腦及週邊設備業
3483,力致,2006/12/18,上櫃,電腦及週邊設備業
3484,崧騰,2007/11/09,上櫃,電子零組件業
3489,森寶,2007/09/29,上櫃,建材營造業
3490,單井,2007/10/15,上櫃,光電業
3491,昇達科,2008/01/03,上櫃,通信網路業
3492,長盛,2015/05/18,上櫃,電子零組件業
3498,陽程,2007/09/11,上櫃,其他電子業
3499,環天科,2006/10/19,上櫃,通信網路業
3508,位速,2007/10/17,上櫃,其他電子業
3511,矽瑪,2009/02/16,上櫃,電子零組件業
3512,皇龍,2007/07/25,上櫃,電子零組件業
3516,亞帝歐,2007/11/29,上櫃,光電業
3520,華盈,2007/10/12,上櫃,電子零組件業
3521,鴻翊,2007/08/07,上櫃,電腦及週邊設備業
3522,御頂,2007/10/15,上櫃,觀光事業
3523,迎輝,2007/11/16,上櫃,光電業
3526,凡甲,2007/11/02,上櫃,電子零組件業
3527,聚積,2007/10/29,上櫃,半導體業
3529,力旺,2011/01/24,上櫃,半導體業
3531,先益,2008/04/08,上櫃,光電業
3537,堡達,2010/01/25,上櫃,電子零組件業
3540,曜越,2007/12/12,上櫃,電腦及週邊設備業
3541,西柏,2009/12/22,上櫃,其他電子業
3546,宇峻,2008/04/18,上櫃,文化創意業
3548,兆利,2008/03/27,上櫃,電子零組件業
3551,世禾,2008/04/15,上櫃,其他電子業
3552,同致,2009/01/07,上櫃,其他電子業
3555,重鵬,2011/11/08,上櫃,半導體業
3556,禾瑞亞,2008/04/15,上櫃,半導體業
3558,神準,2013/12/30,上櫃,通信網路業
3564,其陽,2013/12/03,上櫃,通信網路業
3567,逸昌,2010/11/22,上櫃,半導體業
3570,大塚,2008/10/23,上櫃,資訊服務業
3577,泓格,2009/01/06,上櫃,電腦及週邊設備業
3580,友威科,2010/07/09,上櫃,其他電子業
3581,博磊,2015/01/20,上櫃,半導體業
3587,閎康,2009/08/18,上櫃,其他電子業
3594,磐儀,2013/05/07,上櫃,電腦及週邊設備業
3597,映興,2020/03/09,上櫃,電子零組件業
3609,東林,2011/01/11,上櫃,電子零組件業
3611,鼎翰,2008/11/26,上櫃,電腦及週邊設備業
3615,安可,2009/04/15,上櫃,光電業
3623,富晶通,2010/04/28,上櫃,光電業
3624,光頡,2011/03/16,上櫃,電子零組件業
3625,西勝,2009/10/28,上櫃,電腦及週邊設備業
3628,盈正,2010/09/09,上櫃,其他電子業
3629,地心引力,2020/06/01,上櫃,文化創意業
3630,新鉅科,2010/04/26,上櫃,光電業
3631,晟楠,2010/12/20,上櫃,電子零組件業
3632,研勤,2011/01/11,上櫃,通信網路業
3642,駿熠電,2011/09/29,上櫃,其他電子業
3646,艾恩特,2012/03/27,上櫃,電子零組件業
3652,精聯,2009/08/27,上櫃,電腦及週邊設備業
3663,鑫科,2012/11/20,上櫃,其他電子業
3664,安瑞-KY,2010/06/24,上櫃,通信網路業
3666,光耀,2014/12/04,上櫃,光電業
3672,康聯訊,2015/04/20,上櫃,通信網路業
3675,德微,2012/06/29,上櫃,半導體業
3680,家登,2011/08/31,上櫃,半導體業
3684,榮昌,2014/03/28,上櫃,通信網路業
3685,元創精密,2010/12/08,上櫃,光電業
3687,歐買尬,2020/06/01,上櫃,電子商務
3689,湧德,2012/10/18,上櫃,電子零組件業
3691,碩禾,2010/11/18,上櫃,光電業
3693,營邦,2013/11/27,上櫃,電腦及週邊設備業
3707,漢磊,2014/10/01,上櫃,半導體業
3709,鑫聯大投控,1999/04/16,上櫃,電腦及週邊設備業
3710,連展投控,2017/12/29,上櫃,電子零組件業
3713,新晶投控,2020/02/27,上櫃,光電業
4102,永日,2001/03/20,上櫃,生技醫療業
4105,東洋,2001/09/27,上櫃,生技醫療業
4107,邦特,2002/03/04,上櫃,生技醫療業
4109,加捷生醫,2002/08/08,上櫃,生技醫療業
4111,濟生,1999/03/06,上櫃,生技醫療業
4113,聯上,2003/07/22,上櫃,建材營造業
4114,健喬,2003/05/12,上櫃,生技醫療業
4116,明基醫,2015/12/16,上櫃,生技醫療業
4120,友華,2003/11/05,上櫃,生技醫療業
4121,優盛,2003/07/25,上櫃,生技醫療業
4123,晟德,2003/10/07,上櫃,生技醫療業
4126,太醫,2004/02/09,上櫃,生技醫療業
4127,天良,2005/07/29,上櫃,生技醫療業
4128,中天,2006/06/09,上櫃,生技醫療業
4129,聯合,2004/09/29,上櫃,生技醫療業
4130,健亞,2012/01/12,上櫃,生技醫療業
4131,晶宇,2004/04/09,上櫃,生技醫療業
4138,曜亞,2010/12/29,上櫃,生技醫療業
4139,馬光-KY,2011/04/29,上櫃,生技醫療業
4147,中裕,2015/11/23,上櫃,生技醫療業
4152,台微體,2012/12/21,上櫃,生技醫療業
4153,鈺緯,2013/05/23,上櫃,生技醫療業
4154,康樂-KY,2011/12/28,上櫃,生技醫療業
4157,太景*-KY,2013/08/30,上櫃,生技醫療業
4160,創源,2012/09/17,上櫃,生技醫療業
4161,聿新科,2013/06/26,上櫃,生技醫療業
4162,智擎,2012/09/18,上櫃,生技醫療業
4163,鐿鈦,2012/11/15,上櫃,生技醫療業
4167,松瑞藥,2015/09/08,上櫃,生技醫療業
4168,醣聯,2012/12/18,上櫃,生技醫療業
4171,瑞基,2018/03/28,上櫃,農業科技業
4173,久裕,2013/10/31,上櫃,生技醫療業
4174,浩鼎,2015/03/23,上櫃,生技醫療業
4175,杏一,2014/04/23,上櫃,生技醫療業
4183,福永生技,2017/03/09,上櫃,生技醫療業
4188,安克,2015/03/24,上櫃,生技醫療業
4192,杏國,2014/10/28,上櫃,生技醫療業
4198,欣大健康,2014/12/23,上櫃,生技醫療業
4205,中華食,1999/01/31,上櫃,食品工業
4207,環泰,2000/01/21,上櫃,食品工業
4303,信立,1999/03/10,上櫃,塑膠工業
4304,勝昱,2000/01/27,上櫃,塑膠工業
4305,世坤,2000/09/28,上櫃,塑膠工業
4401,東隆興,1996/05/09,上櫃,紡織纖維
4402,福大,1997/07/23,上櫃,紡織纖維
4406,新昕纖,1999/01/14,上櫃,紡織纖維
4413,飛寶企業,1999/07/29,上櫃,紡織纖維
4416,三圓,2000/05/06,上櫃,建材營造業
4417,金洲,2000/11/07,上櫃,紡織纖維
4419,元勝,2001/06/26,上櫃,紡織纖維
4420,光明,2002/04/18,上櫃,紡織纖維
4429,聚紡,2010/09/15,上櫃,紡織纖維
4430,耀億,2011/06/09,上櫃,其他業
4432,銘旺實,2012/11/26,上櫃,紡織纖維
4433,興采,2014/11/03,上櫃,紡織纖維
4502,健信,1995/12/12,上櫃,電機機械
4503,金雨,1996/12/19,上櫃,電機機械
4506,崇友,1997/12/06,上櫃,電機機械
4510,高鋒,1998/02/24,上櫃,電機機械
4513,福裕,1998/03/25,上櫃,電機機械
4523,永彰,1999/11/22,上櫃,電機機械
4527,方土霖,2000/09/28,上櫃,電機機械
4528,江興鍛,2001/02/12,上櫃,電機機械
4529,淳紳,2001/05/04,上櫃,其他業
4530,宏易,2001/04/30,上櫃,電機機械
4533,協易機,2002/04/26,上櫃,電機機械
4534,慶騰,2003/03/31,上櫃,電機機械
4535,至興,2003/04/16,上櫃,電機機械
4538,大詠城,2019/01/15,上櫃,電機機械
4541,晟田,2014/07/22,上櫃,其他業
4542,科嶠,2014/08/25,上櫃,電子零組件業
4543,萬在,2016/03/15,上櫃,電機機械
4549,桓達,2014/11/27,上櫃,電機機械
4550,長佳,2015/03/18,上櫃,電機機械
4554,橙的,2016/08/05,上櫃,其他電子業
4556,旭然,2015/12/22,上櫃,其他業
4561,健椿,2018/06/11,上櫃,電機機械
4563,百德,2018/07/12,上櫃,電機機械
4568,科際精密,2018/10/03,上櫃,電機機械
4580,捷流閥業,2020/01/06,上櫃,電機機械
4609,唐鋒,2000/05/19,上櫃,電器電纜
4702,中美實,1995/04/21,上櫃,化學工業
4706,大恭,1998/04/17,上櫃,化學工業
4707,磐亞,1998/05/20,上櫃,化學工業
4711,永純,1999/02/24,上櫃,化學工業
4712,南璋,1999/04/03,上櫃,食品工業
4714,永捷,2000/03/27,上櫃,化學工業
4716,大立,2000/03/27,上櫃,化學工業
4721,美琪瑪,2001/03/09,上櫃,化學工業
4726,永昕,2013/12/25,上櫃,生技醫療業
4728,雙美,2012/01/10,上櫃,生技醫療業
4729,熒茂,2009/02/24,上櫃,光電業
4735,豪展,2011/08/16,上櫃,生技醫療業
4736,泰博,2010/12/01,上櫃,生技醫療業
4741,泓瀚,2017/09/26,上櫃,化學工業
4743,合一,2011/09/23,上櫃,生技醫療業
4744,皇將,2018/07/12,上櫃,生技醫療業
4745,合富-KY,2013/01/30,上櫃,生技醫療業
4747,強生,2013/12/25,上櫃,生技醫療業
4754,國碳科,2016/09/28,上櫃,化學工業
4760,勤凱,2019/03/21,上櫃,其他電子業
4767,誠泰科技,2018/10/29,上櫃,化學工業
4803,VHQ-KY,2015/12/16,上櫃,文化創意業
4804,大略-KY,2015/12/04,上櫃,觀光事業
4806,昇華,2016/03/09,上櫃,文化創意業
4903,聯光通,2001/05/14,上櫃,通信網路業
4905,台聯電,2001/12/07,上櫃,通信網路業
4907,富宇,2002/03/04,上櫃,建材營造業
4908,前鼎,2002/02/27,上櫃,通信網路業
4909,新復興,2002/11/28,上櫃,通信網路業
4911,德英,2011/03/21,上櫃,生技醫療業
4924,欣厚-KY,2011/10/18,上櫃,電腦及週邊設備業
4931,新盛力,2019/09/17,上櫃,電腦及週邊設備業
4933,友輝,2010/05/04,上櫃,光電業
4939,亞電,2011/09/19,上櫃,電子零組件業
4944,兆遠,2011/05/31,上櫃,光電業
4945,陞達科技,2020/11/20,上櫃,半導體業
4946,辣椒,2011/06/10,上櫃,文化創意業
4950,牧東,2012/04/27,上櫃,其他業
4953,緯軟,2014/01/08,上櫃,資訊服務業
4966,譜瑞-KY,2011/09/13,上櫃,半導體業
4971,IET-KY,2013/07/24,上櫃,半導體業
4972,湯石照明,2013/06/17,上櫃,光電業
4973,廣穎,2012/06/19,上櫃,半導體業
4974,亞泰,2011/11/29,上櫃,電子零組件業
4979,華星光,2011/12/12,上櫃,通信網路業
4987,科誠,2012/03/21,上櫃,電腦及週邊設備業
4991,環宇-KY,2014/09/15,上櫃,半導體業
4995,晶達,2012/05/09,上櫃,光電業
5009,榮剛,1998/10/17,上櫃,鋼鐵工業
5011,久陽,1999/05/06,上櫃,鋼鐵工業
5013,強新,2000/05/08,上櫃,鋼鐵工業
5014,建錩,2001/02/15,上櫃,鋼鐵工業
5015,華祺,2000/12/15,上櫃,鋼鐵工業
5016,松和,2001/03/05,上櫃,鋼鐵工業
5102,富強,2000/10/27,上櫃,橡膠工業
5201,凱衛,2000/10/12,上櫃,資訊服務業
5202,力新,2000/10/18,上櫃,資訊服務業
5205,中茂,2001/05/14,上櫃,其他電子業
5206,坤悅,2001/10/08,上櫃,建材營造業
5209,新鼎,2002/02/25,上櫃,資訊服務業
5210,寶碩,2002/04/25,上櫃,資訊服務業
5211,蒙恬,2002/12/23,上櫃,資訊服務業
5212,凌網,2003/03/24,上櫃,資訊服務業
5213,亞昕,2003/04/24,上櫃,建材營造業
5220,萬達光電,2018/04/26,上櫃,光電業
5223,安力-KY,2018/07/02,上櫃,電腦及週邊設備業
5227,立凱-KY,2013/12/09,上櫃,電子零組件業
5230,雷笛克光學,2012/06/05,上櫃,光電業
5245,智晶,2015/05/25,上櫃,光電業
5251,天鉞電,2012/11/26,上櫃,光電業
5263,智崴,2012/12/18,上櫃,文化創意業
5272,笙科,2013/05/30,上櫃,半導體業
5274,信驊,2013/04/30,上櫃,半導體業
5276,達輝-KY,2014/06/12,上櫃,其他業
5278,尚凡,2013/06/04,上櫃,電子商務
5281,大峽谷-KY,2016/03/30,上櫃,光電業
5287,數字,2014/01/20,上櫃,電子商務
5289,宜鼎,2013/11/27,上櫃,電腦及週邊設備業
5291,邑昇,2014/12/23,上櫃,電子零組件業
5299,杰力,2018/01/23,上櫃,半導體業
5301,寶得利,1990/06/25,上櫃,觀光事業
5302,太欣,1991/01/17,上櫃,半導體業
5306,桂盟,1995/12/26,上櫃,其他業
5309,系統電,1996/03/18,上櫃,電子零組件業
5310,天剛,1996/04/09,上櫃,資訊服務業
5312,寶島科,1996/05/25,上櫃,生技醫療業
5314,世紀,1996/09/16,上櫃,半導體業
5315,光聯,1996/11/02,上櫃,光電業
5321,友銓,1996/12/30,上櫃,電子零組件業
5324,士開,1997/01/30,上櫃,建材營造業
5328,華容,1997/08/28,上櫃,電子零組件業
5340,建榮,1998/01/20,上櫃,電子零組件業
5344,立衛,1998/03/23,上櫃,半導體業
5345,天揚,1998/03/23,上櫃,電子零組件業
5347,世界,1998/03/25,上櫃,半導體業
5348,系通,1998/04/29,上櫃,通信網路業
5351,鈺創,1998/05/15,上櫃,半導體業
5353,台林,1998/05/18,上櫃,通信網路業
5355,佳總,1998/06/23,上櫃,電子零組件業
5356,協益,1998/07/20,上櫃,電腦及週邊設備業
5364,力麗店,2013/08/26,上櫃,觀光事業
5371,中光電,1999/01/20,上櫃,光電業
5381,合正,1999/03/19,上櫃,電子零組件業
5383,金利,1999/04/14,上櫃,其他電子業
5386,青雲,1999/05/13,上櫃,電腦及週邊設備業
5392,應華,1999/06/14,上櫃,光電業
5398,慕康生醫,1999/10/11,上櫃,其他業
5403,中菲,1999/10/15,上櫃,資訊服務業
5410,國眾,1999/11/26,上櫃,資訊服務業
5425,台半,2000/02/21,上櫃,半導體業
5426,振發,2000/02/09,上櫃,電腦及週邊設備業
5432,達威,2000/03/21,上櫃,光電業
5438,東友,2000/06/17,上櫃,電腦及週邊設備業
5439,高技,2000/06/26,上櫃,電子零組件業
5443,均豪,1998/02/09,上櫃,光電業
5450,南良,2020/06/01,上櫃,其他業
5452,佶優,2000/10/02,上櫃,其他電子業
5455,昇益,2000/10/19,上櫃,建材營造業
5457,宣德,2000/09/29,上櫃,電子零組件業
5460,同協,2000/09/28,上櫃,電子零組件業
5464,霖宏,2000/11/08,上櫃,電子零組件業
5465,富驊,2000/11/08,上櫃,電腦及週邊設備業
5468,凱鈺,2001/01/17,上櫃,半導體業
5474,聰泰,2001/03/20,上櫃,電腦及週邊設備業
5475,德宏,2001/01/16,上櫃,電子零組件業
5478,智冠,2001/03/29,上櫃,文化創意業
5481,新華,2020/06/01,上櫃,其他業
5483,中美晶,2001/03/02,上櫃,半導體業
5487,通泰,2001/02/20,上櫃,半導體業
5488,松普,2001/03/12,上櫃,電子零組件業
5489,彩富,2001/03/12,上櫃,其他電子業
5490,同亨,2001/05/14,上櫃,電腦及週邊設備業
5493,三聯,2001/05/03,上櫃,其他電子業
5498,凱崴,2001/03/29,上櫃,電子零組件業
5508,永信建,1998/05/13,上櫃,建材營造業
5511,德昌,1998/12/09,上櫃,建材營造業
5512,力麒,1998/12/04,上櫃,建材營造業
5514,三豐,1998/12/29,上櫃,建材營造業
5516,雙喜,1999/03/23,上櫃,建材營造業
5520,力泰,1999/10/27,上櫃,建材營造業
5523,豐謙,1999/12/27,上櫃,建材營造業
5529,志嘉,1996/01/12,上櫃,建材營造業
5530,龍巖,2000/10/04,上櫃,其他業
5536,聖暉,2010/11/10,上櫃,其他電子業
5543,桓鼎-KY,2016/05/09,上櫃,建材營造業
5601,台聯櫃,1994/11/24,上櫃,航運業
5603,陸海,1997/01/25,上櫃,航運業
5604,中連貨,1997/05/22,上櫃,航運業
5609,中菲行,2001/10/15,上櫃,航運業
5701,劍湖山,1998/03/12,上櫃,觀光事業
5703,亞都,1999/06/15,上櫃,觀光事業
5704,老爺知,1999/12/21,上櫃,觀光事業
5820,日盛金,2002/02/05,上櫃,金融保險業
5864,致和證,2018/04/02,上櫃,金融保險業
5878,台名,2014/10/28,上櫃,金融保險業
5902,德記,1998/02/07,上櫃,貿易百貨業
5903,全家,2002/02/25,上櫃,貿易百貨業
5904,寶雅,2002/09/06,上櫃,貿易百貨業
5905,南仁湖,2003/06/17,上櫃,貿易百貨業
6015,宏遠證,1996/07/25,上櫃,金融保險業
6016,康和證,1996/12/04,上櫃,金融保險業
6020,大展證,2003/01/23,上櫃,金融保險業
6021,大慶證,2003/04/21,上櫃,金融保險業
6023,元大期,2007/11/28,上櫃,金融保險業
6026,福邦證,2016/01/27,上櫃,金融保險業
6101,寬魚國際,2001/03/29,上櫃,文化創意業
6103,合邦,2001/05/07,上櫃,半導體業
6104,創惟,2001/05/22,上櫃,半導體業
6109,亞元,2001/07/26,上櫃,通信網路業
6111,大宇資,2001/08/08,上櫃,文化創意業
6113,亞矽,2001/08/10,上櫃,電子通路業
6114,久威,2001/09/27,上櫃,電子零組件業
6118,建達,2001/10/25,上櫃,電子通路業
6121,新普,2001/11/27,上櫃,電腦及週邊設備業
6122,擎邦,2000/07/14,上櫃,電機機械
6123,上奇,2002/01/23,上櫃,電腦及週邊設備業
6124,業強,2002/03/19,上櫃,電子零組件業
6125,廣運,2002/01/23,上櫃,光電業
6126,信音,2002/01/18,上櫃,電子零組件業
6127,九豪,2002/01/10,上櫃,電子零組件業
6129,普誠,2001/12/25,上櫃,半導體業
6130,星寶國際,2002/03/26,上櫃,生技醫療業
6134,萬旭,2002/01/08,上櫃,電子零組件業
6138,茂達,2002/01/18,上櫃,半導體業
6140,訊達,2002/02/04,上櫃,資訊服務業
6143,振曜,2002/01/28,上櫃,通信網路業
6144,得利影,2002/01/23,上櫃,文化創意業
6146,耕興,2002/01/23,上櫃,其他電子業
6147,頎邦,2002/01/31,上櫃,半導體業
6148,驊宏資,2002/02/01,上櫃,資訊服務業
6150,撼訊,2002/03/11,上櫃,電腦及週邊設備業
6151,晉倫,2002/02/25,上櫃,其他電子業
6154,順發,2002/02/18,上櫃,電子通路業
6156,松上,2002/02/19,上櫃,電子零組件業
6158,禾昌,2002/02/19,上櫃,電子零組件業
6160,欣技,2002/03/01,上櫃,電腦及週邊設備業
6161,捷波,2002/03/01,上櫃,電腦及週邊設備業
6163,華電網,2002/03/19,上櫃,通信網路業
6167,久正,2002/03/26,上櫃,光電業
6169,昱泉,2002/03/22,上櫃,文化創意業
6170,統振,2002/04/16,上櫃,通信網路業
6171,亞銳士,2002/04/22,上櫃,建材營造業
6173,信昌電,2002/04/19,上櫃,電子零組件業
6174,安碁,2002/05/02,上櫃,電子零組件業
6175,立敦,2002/06/10,上櫃,電子零組件業
6179,亞通,2002/05/17,上櫃,其他業
6180,橘子,2002/05/21,上櫃,文化創意業
6182,合晶,2002/05/16,上櫃,半導體業
6185,幃翔,2002/08/09,上櫃,電子零組件業
6186,新潤,2002/08/02,上櫃,建材營造業
6187,萬潤,2002/09/27,上櫃,其他電子業
6188,廣明,2002/08/27,上櫃,電腦及週邊設備業
6190,萬泰科,1998/02/04,上櫃,通信網路業
6194,育富,2002/12/05,上櫃,電子零組件業
6195,詩肯,2002/10/21,上櫃,貿易百貨業
6198,凌泰,2002/12/26,上櫃,半導體業
6199,天品,2016/10/07,上櫃,其他業
6203,海韻電,2002/12/26,上櫃,電子零組件業
6204,艾華,2002/11/13,上櫃,電子零組件業
6207,雷科,2002/12/23,上櫃,電子零組件業
6208,日揚,2002/12/23,上櫃,電子零組件業
6210,慶生,2003/02/14,上櫃,電子零組件業
6212,理銘,2002/12/26,上櫃,建材營造業
6217,中探針,2003/01/09,上櫃,電子零組件業
6218,豪勉,2003/01/14,上櫃,通信網路業
6219,富旺,2003/02/26,上櫃,建材營造業
6220,岳豐,2003/01/09,上櫃,電子零組件業
6221,晉泰,2003/01/06,上櫃,資訊服務業
6222,上揚,2003/01/09,上櫃,光電業
6223,旺矽,2003/01/06,上櫃,半導體業
6227,茂綸,2003/01/14,上櫃,電子通路業
6228,全譜,2003/01/21,上櫃,電腦及週邊設備業
6229,研通,2003/01/14,上櫃,半導體業
6231,系微,2003/01/23,上櫃,資訊服務業
6233,旺玖,2003/02/20,上櫃,半導體業
6234,高僑,2003/03/12,上櫃,光電業
6236,康呈,2003/03/31,上櫃,其他業
6237,驊訊,2003/04/21,上櫃,半導體業
6240,松崗,2003/05/30,上櫃,資訊服務業
6241,易通展,2003/04/08,上櫃,通信網路業
6242,立康,2003/04/23,上櫃,生技醫療業
6244,茂迪,2003/05/15,上櫃,光電業
6245,立端,2003/05/19,上櫃,通信網路業
6246,臺龍,2003/06/18,上櫃,光電業
6247,淇譽電,2003/07/04,上櫃,其他電子業
6248,沛波,2003/09/03,上櫃,鋼鐵工業
6259,百徽,2003/09/17,上櫃,電子零組件業
6261,久元,2004/03/29,上櫃,半導體業
6263,普萊德,2003/09/17,上櫃,通信網路業
6264,富裔,2004/02/24,上櫃,建材營造業
6265,方土昶,2003/10/24,上櫃,電子通路業
6266,泰詠,2004/04/29,上櫃,電子零組件業
6270,倍微,2003/09/17,上櫃,電子通路業
6274,台燿,2003/12/18,上櫃,電子零組件業
6275,元山,2004/12/23,上櫃,其他電子業
6276,安鈦克,2003/10/30,上櫃,電腦及週邊設備業
6279,胡連,2003/11/26,上櫃,電子零組件業
6284,佳邦,2004/06/29,上櫃,電子零組件業
6287,元隆,2003/10/02,上櫃,半導體業
6290,良維,2005/06/03,上櫃,電子零組件業
6291,沛亨,2004/01/28,上櫃,半導體業
6292,迅德,2003/11/26,上櫃,電子零組件業
6294,智基,2004/01/13,上櫃,文化創意業
6404,通訊-KY,2014/07/23,上櫃,資訊服務業
6411,晶焱,2014/03/11,上櫃,半導體業
6417,韋僑,2015/10/08,上櫃,通信網路業
6418,詠昇,2019/02/18,上櫃,電子零組件業
6419,京晨科,2014/12/29,上櫃,光電業
6425,易發,2019/01/18,上櫃,電機機械
6432,今展科,2015/05/20,上櫃,電子零組件業
6435,大中,2016/01/07,上櫃,半導體業
6441,廣錠,2017/09/27,上櫃,電腦及週邊設備業
6446,藥華藥,2016/07/19,上櫃,生技醫療業
6457,紘康,2015/06/12,上櫃,半導體業
6461,益得,2018/03/28,上櫃,生技醫療業
6462,神盾,2015/12/23,上櫃,半導體業
6465,威潤,2015/11/20,上櫃,通信網路業
6469,大樹,2016/03/30,上櫃,生技醫療業
6470,宇智,2015/11/03,上櫃,通信網路業
6472,保瑞,2017/04/19,上櫃,生技醫療業
6482,弘煜科,2016/06/13,上櫃,文化創意業
6485,點序,2015/11/17,上櫃,半導體業
6486,互動,2016/09/13,上櫃,通信網路業
6488,環球晶,2015/09/25,上櫃,半導體業
6492,生華科,2017/04/24,上櫃,生技醫療業
6494,九齊,2016/05/09,上櫃,半導體業
6496,科懋,2016/01/07,上櫃,生技醫療業
6499,益安,2016/07/27,上櫃,生技醫療業
6506,雙邦,2011/05/03,上櫃,化學工業
6508,惠光,2004/03/22,上櫃,農業科技業
6509,聚和,2004/04/12,上櫃,化學工業
6510,精測,2016/03/24,上櫃,半導體業
6512,啟發電,2016/03/25,上櫃,其他電子業
6514,芮特-KY,2015/12/02,上櫃,通信網路業
6516,勤崴國際,2019/05/06,上櫃,資訊服務業
6523,達爾膚,2016/06/16,上櫃,生技醫療業
6527,明達醫,2019/12/25,上櫃,生技醫療業
6530,創威,2018/01/23,上櫃,通信網路業
6532,瑞耘,2016/09/26,上櫃,半導體業
6535,順藥,2016/09/26,上櫃,生技醫療業
6538,倉和,2016/10/21,上櫃,電子零組件業
6542,隆中,2016/09/08,上櫃,文化創意業
6547,高端疫苗,2018/04/17,上櫃,生技醫療業
6548,長科*,2016/09/13,上櫃,半導體業
6556,勝品,2017/10/31,上櫃,光電業
6560,欣普羅,2017/01/24,上櫃,光電業
6561,是方,2018/06/05,上櫃,通信網路業
6568,宏觀,2016/12/28,上櫃,半導體業
6569,醫揚,2016/12/21,上櫃,生技醫療業
6570,維田,2017/12/11,上櫃,電腦及週邊設備業
6574,霈方,2017/09/04,上櫃,生技醫療業
6576,逸達,2018/06/29,上櫃,生技醫療業
6577,勁豐,2017/03/21,上櫃,電腦及週邊設備業
6578,達邦蛋白,2018/09/18,上櫃,農業科技業
6588,東典光電,2020/07/01,上櫃,通信網路業
6589,台康生技,2019/06/28,上櫃,生技醫療業
6590,普鴻,2018/12/24,上櫃,資訊服務業
6593,台灣銘板,2017/11/03,上櫃,資訊服務業
6594,展匯科,2017/04/28,上櫃,半導體業
6596,寬宏藝術,2018/01/04,上櫃,文化創意業
6603,富強鑫,2004/04/05,上櫃,電機機械
6609,瀧澤科,2003/09/23,上櫃,電機機械
6612,奈米醫材,2018/07/18,上櫃,生技醫療業
6613,朋億,2017/12/28,上櫃,其他電子業
6615,慧智,2018/01/22,上櫃,生技醫療業
6616,特昇-KY,2018/01/10,上櫃,其他業
6624,萬年清,2019/05/28,上櫃,其他業
6629,泰金-KY,2019/06/06,上櫃,其他業
6640,均華,2018/10/23,上櫃,半導體業
6642,富致,2019/09/23,上櫃,電子零組件業
6643,M31,2019/01/23,上櫃,半導體業
6649,台生材,2019/06/05,上櫃,生技醫療業
6651,全宇昕,2021/02/01,上櫃,半導體業
6654,天正國際,2018/10/23,上櫃,其他電子業
6661,威健生技,2021/01/27,上櫃,生技醫療業
6662,樂斯科,2019/03/26,上櫃,生技醫療業
6664,群翊,2018/09/12,上櫃,電子零組件業
6667,信紘科,2018/11/13,上櫃,其他電子業
6679,鈺太,2019/05/09,上櫃,半導體業
6680,鑫創電子,2019/09/16,上櫃,電腦及週邊設備業
6683,雍智科技,2019/04/23,上櫃,半導體業
6690,安碁資訊,2019/10/30,上櫃,資訊服務業
6697,東捷資訊,2019/12/26,上櫃,資訊服務業
6703,軒郁,2020/10/20,上櫃,生技醫療業
6712,長聖,2021/01/08,上櫃,生技醫療業
6716,應廣,2020/03/27,上櫃,半導體業
6727,亞泰金屬,2020/12/01,上櫃,電子零組件業
6728,上洋,2020/12/25,上櫃,貿易百貨業
6732,昇佳電子,2020/06/08,上櫃,半導體業
6733,博晟生醫,2021/01/28,上櫃,生技醫療業
6741,91APP*-KY,2021/05/25,上櫃,電子商務
6747,亨泰光,2021/01/19,上櫃,生技醫療業
6751,智聯服務,2020/12/25,上櫃,資訊服務業
6752,叡揚,2020/12/10,上櫃,資訊服務業
6762,達亞,2020/12/18,上櫃,生技醫療業
6767,台微醫,2021/01/25,上櫃,生技醫療業
6803,崑鼎,2010/05/27,上櫃,其他業
7402,邑錡,2015/12/29,上櫃,光電業
7556,意德士,2020/10/30,上櫃,半導體業
8024,佑華,2006/09/25,上櫃,半導體業
8027,鈦昇,2015/06/09,上櫃,電機機械
8032,光菱,2003/10/02,上櫃,電子通路業
8034,榮群,2004/05/06,上櫃,通信網路業
8038,長園科,2013/11/21,上櫃,電子零組件業
8040,九暘,2007/04/30,上櫃,半導體業
8042,金山電,2004/03/22,上櫃,電子零組件業
8043,蜜望實,2003/10/24,上櫃,電子零組件業
8044,網家,2005/01/24,上櫃,電子商務
8047,星雲,2004/02/09,上櫃,其他電子業
8048,德勝,2009/09/08,上櫃,通信網路業
8049,晶采,2004/02/02,上櫃,光電業
8050,廣積,2003/10/24,上櫃,電腦及週邊設備業
8054,安國,2004/11/08,上櫃,半導體業
8059,凱碩,2010/03/16,上櫃,通信網路業
8064,東捷,2006/09/25,上櫃,光電業
8066,來思達,2004/12/24,上櫃,貿易百貨業
8067,志旭,2004/04/23,上櫃,電子通路業
8068,全達,2004/03/25,上櫃,電子通路業
8069,元太,2004/03/30,上櫃,光電業
8071,能率網通,2003/12/29,上櫃,電子零組件業
8074,鉅橡,2004/01/27,上櫃,電子零組件業
8076,伍豐,2003/12/15,上櫃,電腦及週邊設備業
8077,洛碁,2004/12/06,上櫃,觀光事業
8080,永利聯合,2021/04/07,上櫃,電子零組件業
8083,瑞穎,2004/09/23,上櫃,電機機械
8084,巨虹,2004/03/08,上櫃,電子通路業
8085,福華,2004/03/01,上櫃,其他電子業
8086,宏捷科,2009/06/01,上櫃,半導體業
8087,華鎂鑫,2004/02/25,上櫃,光電業
8088,品安,2004/02/27,上櫃,半導體業
8089,康全電訊,2020/09/23,上櫃,通信網路業
8091,翔名,2004/06/24,上櫃,電子零組件業
8092,建暐,2004/02/02,上櫃,其他電子業
8093,保銳,2004/12/31,上櫃,電子零組件業
8096,擎亞,2004/07/15,上櫃,電子通路業
8097,常珵,2004/03/01,上櫃,通信網路業
8099,大世科,2004/03/29,上櫃,資訊服務業
8107,大億金茂,2005/11/15,上櫃,電機機械
8109,博大,2005/03/22,上櫃,電子零組件業
8111,立碁,2004/02/09,上櫃,光電業
8121,越峰,2005/02/17,上櫃,電子零組件業
8147,正淩,2013/04/30,上櫃,電子零組件業
8155,博智,2012/12/18,上櫃,電子零組件業
8171,天宇,2011/12/19,上櫃,通信網路業
8176,智捷,2013/06/25,上櫃,通信網路業
8182,加高,2006/05/25,上櫃,電子零組件業
8183,精星,2005/03/30,上櫃,其他電子業
8234,新漢,2007/06/07,上櫃,電腦及週邊設備業
8240,華宏,2005/06/23,上櫃,光電業
8255,朋程,2006/04/25,上櫃,電機機械
8277,商丞,2004/12/27,上櫃,半導體業
8279,生展,2016/09/26,上櫃,生技醫療業
8284,三竹,2020/05/18,上櫃,資訊服務業
8289,泰藝,2008/04/24,上櫃,電子零組件業
8291,尚茂,2011/11/29,上櫃,電子零組件業
8299,群聯,2004/12/06,上櫃,半導體業
8342,益張,2017/11/23,上櫃,其他業
8349,恒耀,2006/03/10,上櫃,鋼鐵工業
8354,冠好,2004/04/15,上櫃,塑膠工業
8358,金居,2010/09/27,上櫃,電子零組件業
8383,千附,2004/09/10,上櫃,其他電子業
8390,金益鼎,2008/05/21,上櫃,其他業
8401,白紗科,2010/03/29,上櫃,其他業
8403,盛弘,2011/03/01,上櫃,生技醫療業
8406,金可-KY,2012/04/27,上櫃,生技醫療業
8409,商之器,2013/11/25,上櫃,生技醫療業
8410,森田,2011/02/23,上櫃,電腦及週邊設備業
8415,大國鋼,2016/09/07,上櫃,鋼鐵工業
8416,實威,2012/09/19,上櫃,資訊服務業
8418,捷必勝-KY,2011/12/06,上櫃,其他業
8420,明揚,2014/11/10,上櫃,其他業
8421,旭源,2012/11/23,上櫃,其他業
8423,保綠-KY,2012/03/14,上櫃,其他業
8424,惠普,2012/12/18,上櫃,建材營造業
8426,紅木-KY,2011/12/13,上櫃,其他業
8431,匯鑽科,2015/03/30,上櫃,其他電子業
8432,東生華,2012/04/30,上櫃,生技醫療業
8433,弘帆,2012/12/19,上櫃,貿易百貨業
8435,鉅邁,2012/12/28,上櫃,其他業
8436,大江,2013/09/12,上櫃,生技醫療業
8437,大地-KY,2015/05/06,上櫃,其他業
8440,綠電,2018/03/28,上櫃,其他業
8444,綠河-KY,2015/10/27,上櫃,其他業
8446,華研,2013/12/19,上櫃,文化創意業
8450,霹靂,2014/10/07,上櫃,文化創意業
8455,大拓-KY,2016/01/08,上櫃,其他電子業
8472,夠麻吉,2016/01/11,上櫃,電子商務
8476,台境,2017/03/28,上櫃,其他業
8477,創業家,2016/10/31,上櫃,電子商務
8489,三貝德,2017/04/27,上櫃,文化創意業
8905,裕國,1996/01/31,上櫃,其他業
8906,花王,1996/04/23,上櫃,其他業
8908,欣雄,1997/02/14,上櫃,油電燃氣業
8916,光隆,1999/04/20,上櫃,其他業
8917,欣泰,1999/05/06,上櫃,油電燃氣業
8921,沈氏,2000/03/21,上櫃,其他業
8923,時報,1999/12/27,上櫃,文化創意業
8924,大田,2000/02/09,上櫃,其他業
8927,北基,2000/11/02,上櫃,油電燃氣業
8928,鉅明,2001/02/02,上櫃,其他業
8929,富堡,2000/11/30,上櫃,其他業
8930,青鋼,2000/12/06,上櫃,鋼鐵工業
8931,大汽電,2001/05/10,上櫃,油電燃氣業
8932,宏大,2001/03/29,上櫃,其他業
8933,愛地雅,2001/03/28,上櫃,其他業
8935,邦泰,2002/03/26,上櫃,其他業
8936,國統,2002/09/09,上櫃,其他業
8937,合騏,2002/10/29,上櫃,其他業
8938,明安,2002/12/02,上櫃,其他業
8941,關中,2003/01/20,上櫃,貿易百貨業
8942,森鉅,2003/05/16,上櫃,其他業
9949,琉園,2003/11/21,上櫃,文化創意業
9950,萬國通,2004/02/17,上櫃,塑膠工業
9951,皇田,2003/12/18,上櫃,電機機械
9960,邁達康,2004/12/06,上櫃,貿易百貨業
9962,有益,2006/07/10,上櫃,鋼鐵工業
